dataset,model,family,severity_bin,strength_low,strength_high,strength_mid,full_manifest_stability,lower,upper,eligible_probe_trials
RefCOCO,groundingdino,blur,1,0.0,0.2,0.1,0.9293016270337922,0.9061288546284793,0.9482351797253559,1598
RefCOCO,groundingdino,blur,2,0.2,0.4,0.3,0.8421024327784892,0.8101352786377709,0.8729770632402427,1562
RefCOCO,groundingdino,blur,3,0.4,0.6,0.5,0.7601761083743843,0.7220385908498955,0.8009878259784688,1624
RefCOCO,groundingdino,blur,4,0.6,0.8,0.7,0.7031779816513761,0.663137008748045,0.7455899572195077,1635
RefCOCO,groundingdino,blur,5,0.8,1.0,0.9,0.6459897763578275,0.6025915487586787,0.689817498144368,1565
RefCOCO,groundingdino,brightness,1,0.0,0.2,0.1,0.9802577777777778,0.9699604837803789,0.9892624478548157,1575
RefCOCO,groundingdino,brightness,2,0.2,0.4,0.3,0.9708907138344915,0.9571321348436106,0.9822927084041561,1583
RefCOCO,groundingdino,brightness,3,0.4,0.6,0.5,0.9471191646191647,0.930489519684218,0.9628333673518072,1628
RefCOCO,groundingdino,brightness,4,0.6,0.8,0.7,0.9447647814910026,0.9233562524661422,0.9628702517798143,1556
RefCOCO,groundingdino,brightness,5,0.8,1.0,0.9,0.9153398294762485,0.8927627416520211,0.9361055683119135,1642
RefCOCO,groundingdino,jpeg,1,0.0,0.2,0.1,0.9591251596424011,0.9429415822996983,0.9740297844743196,1566
RefCOCO,groundingdino,jpeg,2,0.2,0.4,0.3,0.9523481575603558,0.935989609930946,0.9668591079880261,1574
RefCOCO,groundingdino,jpeg,3,0.4,0.6,0.5,0.9294678111587983,0.9078838190968543,0.9486031399707866,1631
RefCOCO,groundingdino,jpeg,4,0.6,0.8,0.7,0.8984458128078818,0.8736117704347991,0.9224316622015465,1624
RefCOCO,groundingdino,jpeg,5,0.8,1.0,0.9,0.8504040276903713,0.8210871236501466,0.8782707286432161,1589
RefCOCO,groundingdino,resolution,1,0.0,0.2,0.1,0.8534446552814674,0.8220498694328482,0.8842168282113202,1581
RefCOCO,groundingdino,resolution,2,0.2,0.4,0.3,0.8560511540860886,0.8225882273047221,0.8859389164406974,1603
RefCOCO,groundingdino,resolution,3,0.4,0.6,0.5,0.8412460732984293,0.8069936894203028,0.8735270721117835,1528
RefCOCO,groundingdino,resolution,4,0.6,0.8,0.7,0.826931556632344,0.7912504097158728,0.8597017823208709,1651
RefCOCO,groundingdino,resolution,5,0.8,1.0,0.9,0.7757433682911783,0.7390233200156516,0.8141354849694422,1621
RefCOCO,groundingdino,gaussian_noise,1,0.0,0.2,0.1,0.8970274151436032,0.8705800076985671,0.9213256945815446,1532
RefCOCO,groundingdino,gaussian_noise,2,0.2,0.4,0.3,0.8011200519143414,0.7663495641117776,0.8370222851616468,1541
RefCOCO,groundingdino,gaussian_noise,3,0.4,0.6,0.5,0.7708228849665246,0.7324847136222911,0.8082438070396892,1643
RefCOCO,groundingdino,gaussian_noise,4,0.6,0.8,0.7,0.779491844416562,0.7427858689261935,0.8165853979309053,1594
RefCOCO,groundingdino,gaussian_noise,5,0.8,1.0,0.9,0.76489486260454,0.7273270091410897,0.8006112934822894,1674
RefCOCO,owlv2,blur,1,0.0,0.2,0.1,0.7520101716465353,0.7130694933351944,0.7919243770441774,1573
RefCOCO,owlv2,blur,2,0.2,0.4,0.3,0.7053876478318002,0.664734317787642,0.7457276977055108,1522
RefCOCO,owlv2,blur,3,0.4,0.6,0.5,0.5799597989949749,0.5340687527920185,0.6260197237740535,1592
RefCOCO,owlv2,blur,4,0.6,0.8,0.7,0.5155533249686324,0.46915299347684797,0.5622155466552524,1594
RefCOCO,owlv2,blur,5,0.8,1.0,0.9,0.47809299279633266,0.43206394754785593,0.5254523091946761,1527
RefCOCO,owlv2,brightness,1,0.0,0.2,0.1,0.9061041666666667,0.8827451760783404,0.9276174889928087,1536
RefCOCO,owlv2,brightness,2,0.2,0.4,0.3,0.8731635423400128,0.846059943192008,0.8996208184511729,1547
RefCOCO,owlv2,brightness,3,0.4,0.6,0.5,0.8419912225705328,0.8133309155383623,0.873226556675063,1595
RefCOCO,owlv2,brightness,4,0.6,0.8,0.7,0.8298234139960758,0.7990210663947503,0.8594091920713918,1529
RefCOCO,owlv2,brightness,5,0.8,1.0,0.9,0.7888469706433479,0.7558643043854497,0.8196398238264697,1601
RefCOCO,owlv2,jpeg,1,0.0,0.2,0.1,0.8274644023514043,0.7977688063720111,0.8566942389365496,1531
RefCOCO,owlv2,jpeg,2,0.2,0.4,0.3,0.8380116204002582,0.8092560768234787,0.8673039621609697,1549
RefCOCO,owlv2,jpeg,3,0.4,0.6,0.5,0.7971486146095719,0.7636293405257926,0.8305046351890698,1588
RefCOCO,owlv2,jpeg,4,0.6,0.8,0.7,0.7382957835116426,0.7017887498200539,0.7738779533761055,1589
RefCOCO,owlv2,jpeg,5,0.8,1.0,0.9,0.7129645390070922,0.6750076579483208,0.7505766864638006,1551
RefCOCO,owlv2,resolution,1,0.0,0.2,0.1,0.7220761781794706,0.6841490463235964,0.7604905586154782,1549
RefCOCO,owlv2,resolution,2,0.2,0.4,0.3,0.7150274409700063,0.6752925943481873,0.7522124867044233,1567
RefCOCO,owlv2,resolution,3,0.4,0.6,0.5,0.7163002680965148,0.6732889075316928,0.7586932828346855,1492
RefCOCO,owlv2,resolution,4,0.6,0.8,0.7,0.7089353233830846,0.670815720970591,0.7475488024934516,1608
RefCOCO,owlv2,resolution,5,0.8,1.0,0.9,0.6792763819095476,0.6372333345767927,0.7178840067236784,1592
RefCOCO,owlv2,gaussian_noise,1,0.0,0.2,0.1,0.8937967914438502,0.8704160715060999,0.9161667408766181,1496
RefCOCO,owlv2,gaussian_noise,2,0.2,0.4,0.3,0.8131187335092347,0.7831508992000257,0.8421874681320731,1516
RefCOCO,owlv2,gaussian_noise,3,0.4,0.6,0.5,0.75701,0.7209938168270515,0.793117531988872,1600
RefCOCO,owlv2,gaussian_noise,4,0.6,0.8,0.7,0.6788205128205128,0.6392395493048233,0.7139952006888048,1560
RefCOCO,owlv2,gaussian_noise,5,0.8,1.0,0.9,0.6365476772616138,0.5986108399465643,0.6737523637556709,1636
RefCOCO,yoloworld,blur,1,0.0,0.2,0.1,0.5652484952708513,0.5217783777497175,0.6076042067743899,1163
RefCOCO,yoloworld,blur,2,0.2,0.4,0.3,0.3828163992869875,0.33907035849899486,0.428075789473684,1122
RefCOCO,yoloworld,blur,3,0.4,0.6,0.5,0.34194854771784233,0.2993108778086272,0.3851673724815452,1205
RefCOCO,yoloworld,blur,4,0.6,0.8,0.7,0.3041476510067114,0.260997214881737,0.3486080568432899,1192
RefCOCO,yoloworld,blur,5,0.8,1.0,0.9,0.289415061295972,0.24653702155155133,0.33513914430894304,1142
RefCOCO,yoloworld,brightness,1,0.0,0.2,0.1,0.6997530864197531,0.6601961157515415,0.7405860314201971,1134
RefCOCO,yoloworld,brightness,2,0.2,0.4,0.3,0.6784761904761905,0.6387098416508041,0.7182470981365422,1176
RefCOCO,yoloworld,brightness,3,0.4,0.6,0.5,0.6519218351741717,0.6118156174156715,0.6908602803650918,1177
RefCOCO,yoloworld,brightness,4,0.6,0.8,0.7,0.6434662045060658,0.6023513137624101,0.6826189455192172,1154
RefCOCO,yoloworld,brightness,5,0.8,1.0,0.9,0.6209230769230769,0.5789977195627591,0.664682620623273,1183
RefCOCO,yoloworld,jpeg,1,0.0,0.2,0.1,0.6629097222222222,0.6213350449655483,0.7033995723934338,1152
RefCOCO,yoloworld,jpeg,2,0.2,0.4,0.3,0.654246288209607,0.6132587024829891,0.6936916406908944,1145
RefCOCO,yoloworld,jpeg,3,0.4,0.6,0.5,0.5968734069668649,0.5541050256827109,0.6399150458429842,1177
RefCOCO,yoloworld,jpeg,4,0.6,0.8,0.7,0.47113253012048195,0.4292124505396337,0.513034959060944,1162
RefCOCO,yoloworld,jpeg,5,0.8,1.0,0.9,0.3787070707070707,0.33512548786533564,0.42065140695673064,1188
RefCOCO,yoloworld,resolution,1,0.0,0.2,0.1,0.47546712802768165,0.4303150861147209,0.5183365776240362,1156
RefCOCO,yoloworld,resolution,2,0.2,0.4,0.3,0.43605777400169926,0.3918979295629077,0.47899430774236695,1177
RefCOCO,yoloworld,resolution,3,0.4,0.6,0.5,0.4070394133822181,0.3606801931066318,0.4522653397174221,1091
RefCOCO,yoloworld,resolution,4,0.6,0.8,0.7,0.39435838150289015,0.34989214122634854,0.44077899163318673,1211
RefCOCO,yoloworld,resolution,5,0.8,1.0,0.9,0.37961312026913374,0.33611103828521866,0.42368791091672975,1189
RefCOCO,yoloworld,gaussian_noise,1,0.0,0.2,0.1,0.6873705397987191,0.6480569247775227,0.7247002039707923,1093
RefCOCO,yoloworld,gaussian_noise,2,0.2,0.4,0.3,0.598807453416149,0.5550783177586626,0.6408051314411706,1127
RefCOCO,yoloworld,gaussian_noise,3,0.4,0.6,0.5,0.553206402695872,0.5107171970278158,0.5965395702012558,1187
RefCOCO,yoloworld,gaussian_noise,4,0.6,0.8,0.7,0.5009627118644068,0.45861565110365327,0.5449465862632871,1180
RefCOCO,yoloworld,gaussian_noise,5,0.8,1.0,0.9,0.44668714632174616,0.4037806019256308,0.4877704489217702,1237
RefCOCO+,groundingdino,blur,1,0.0,0.2,0.1,0.9217824867559987,0.9075940952793612,0.9356786695886573,3209
RefCOCO+,groundingdino,blur,2,0.2,0.4,0.3,0.810989010989011,0.7863275514582587,0.8345675905244282,3185
RefCOCO+,groundingdino,blur,3,0.4,0.6,0.5,0.7600248678893379,0.7332241226539344,0.7865280418332821,3217
RefCOCO+,groundingdino,blur,4,0.6,0.8,0.7,0.7081202046035806,0.6786803022147301,0.7374239199432433,3128
RefCOCO+,groundingdino,blur,5,0.8,1.0,0.9,0.6409076970254524,0.6083461679366975,0.6729202604020373,3261
RefCOCO+,groundingdino,brightness,1,0.0,0.2,0.1,0.9829510229386237,0.9764846023352722,0.9889453414151123,3226
RefCOCO+,groundingdino,brightness,2,0.2,0.4,0.3,0.9760199314855186,0.9683003808022367,0.9835253123649514,3211
RefCOCO+,groundingdino,brightness,3,0.4,0.6,0.5,0.9536360749444268,0.940833977523043,0.9653881037109512,3149
RefCOCO+,groundingdino,brightness,4,0.6,0.8,0.7,0.9520340012143291,0.9408028850999847,0.9627390865386928,3294
RefCOCO+,groundingdino,brightness,5,0.8,1.0,0.9,0.9371794871794872,0.922782549171589,0.9506179808841099,3120
RefCOCO+,groundingdino,jpeg,1,0.0,0.2,0.1,0.9032156368221942,0.8866635063723967,0.9188332767579809,3172
RefCOCO+,groundingdino,jpeg,2,0.2,0.4,0.3,0.7814508723599632,0.7538120879560825,0.8076693015573384,3267
RefCOCO+,groundingdino,jpeg,3,0.4,0.6,0.5,0.7470418931883595,0.7180925760685286,0.7741634511498687,3127
RefCOCO+,groundingdino,jpeg,4,0.6,0.8,0.7,0.7331017056222363,0.7029964273809541,0.7606016967014121,3166
RefCOCO+,groundingdino,jpeg,5,0.8,1.0,0.9,0.7184822521419829,0.6890945035773699,0.7479209441072825,3268
RefCOCO+,groundingdino,resolution,1,0.0,0.2,0.1,0.8705013841894802,0.8505882434575046,0.8909160395124928,3251
RefCOCO+,groundingdino,resolution,2,0.2,0.4,0.3,0.8493530499075785,0.8263623293972772,0.8707056448047327,3246
RefCOCO+,groundingdino,resolution,3,0.4,0.6,0.5,0.830411220911699,0.8072913397381191,0.8544000909977251,3137
RefCOCO+,groundingdino,resolution,4,0.6,0.8,0.7,0.83516139141335,0.8112270071551292,0.8576022134186764,3191
RefCOCO+,groundingdino,resolution,5,0.8,1.0,0.9,0.7987401574803149,0.7732727029985822,0.8240234061689476,3175
RefCOCO+,groundingdino,gaussian_noise,1,0.0,0.2,0.1,0.9701351776171016,0.9612896728210563,0.9786567901497196,3181
RefCOCO+,groundingdino,gaussian_noise,2,0.2,0.4,0.3,0.9315237507711289,0.9170014679010215,0.9449924416148325,3242
RefCOCO+,groundingdino,gaussian_noise,3,0.4,0.6,0.5,0.9130571249215317,0.8974503845571754,0.9287944460080683,3186
RefCOCO+,groundingdino,gaussian_noise,4,0.6,0.8,0.7,0.8862708136977694,0.8661389350852026,0.9046127026774748,3183
RefCOCO+,groundingdino,gaussian_noise,5,0.8,1.0,0.9,0.8672069825436409,0.8467682691127186,0.8870967741935484,3208
RefCOCO+,owlv2,blur,1,0.0,0.2,0.1,0.8080154340836012,0.7841230809419271,0.8316552645125525,3110
RefCOCO+,owlv2,blur,2,0.2,0.4,0.3,0.6737455487212689,0.6448543468197389,0.7034435344048753,3089
RefCOCO+,owlv2,blur,3,0.4,0.6,0.5,0.5698355987055016,0.5391427781276894,0.6022954984694862,3090
RefCOCO+,owlv2,blur,4,0.6,0.8,0.7,0.49976702862783806,0.46791822236886654,0.5323717074469402,3039
RefCOCO+,owlv2,blur,5,0.8,1.0,0.9,0.43713164556962025,0.4044922806455421,0.4679367519096622,3160
RefCOCO+,owlv2,brightness,1,0.0,0.2,0.1,0.9259667943805874,0.9105968877653269,0.9401746714983996,3132
RefCOCO+,owlv2,brightness,2,0.2,0.4,0.3,0.8897335058214748,0.8713048605615359,0.9073257977366881,3092
RefCOCO+,owlv2,brightness,3,0.4,0.6,0.5,0.8659211563731932,0.8469748323806079,0.8847719211003824,3044
RefCOCO+,owlv2,brightness,4,0.6,0.8,0.7,0.8282013129102844,0.8067680337964414,0.8500572933406498,3199
RefCOCO+,owlv2,brightness,5,0.8,1.0,0.9,0.8077881496193313,0.7854346142776071,0.831225608954605,3021
RefCOCO+,owlv2,jpeg,1,0.0,0.2,0.1,0.807559752523608,0.7860951411729387,0.8288354111470362,3071
RefCOCO+,owlv2,jpeg,2,0.2,0.4,0.3,0.7467777777777778,0.7218987691999299,0.7729431335964835,3168
RefCOCO+,owlv2,jpeg,3,0.4,0.6,0.5,0.7151736842105264,0.6853953955292776,0.7453404966814454,3040
RefCOCO+,owlv2,jpeg,4,0.6,0.8,0.7,0.6982864600326264,0.6688987188611718,0.7258413831065739,3065
RefCOCO+,owlv2,jpeg,5,0.8,1.0,0.9,0.6739669211195928,0.6457040673214973,0.7031379175356646,3144
RefCOCO+,owlv2,resolution,1,0.0,0.2,0.1,0.7457707409753007,0.7206446341862373,0.7718690849851902,3158
RefCOCO+,owlv2,resolution,2,0.2,0.4,0.3,0.741610422624722,0.7150381605699002,0.767054122858101,3147
RefCOCO+,owlv2,resolution,3,0.4,0.6,0.5,0.7258402640264026,0.6984573930763596,0.7543445464254149,3030
RefCOCO+,owlv2,resolution,4,0.6,0.8,0.7,0.67025048669695,0.6415409101742237,0.6985537066516577,3082
RefCOCO+,owlv2,resolution,5,0.8,1.0,0.9,0.6490107456854445,0.6199241292754426,0.6775427983114446,3071
RefCOCO+,owlv2,gaussian_noise,1,0.0,0.2,0.1,0.9047052700065061,0.8898164770197153,0.9188089448984923,3074
RefCOCO+,owlv2,gaussian_noise,2,0.2,0.4,0.3,0.8389949109414757,0.8185484259819225,0.8585849674950934,3144
RefCOCO+,owlv2,gaussian_noise,3,0.4,0.6,0.5,0.7787857605177994,0.7552556949013157,0.802414631255032,3090
RefCOCO+,owlv2,gaussian_noise,4,0.6,0.8,0.7,0.7030571428571427,0.6772986684715314,0.7271162506106921,3080
RefCOCO+,owlv2,gaussian_noise,5,0.8,1.0,0.9,0.6223303225806451,0.5940231695568401,0.6507121865035582,3100
RefCOCO+,yoloworld,blur,1,0.0,0.2,0.1,0.5586864510847319,0.5282094595872546,0.587343794467944,2443
RefCOCO+,yoloworld,blur,2,0.2,0.4,0.3,0.36922226838388034,0.33830975458996704,0.4006640292523959,2407
RefCOCO+,yoloworld,blur,3,0.4,0.6,0.5,0.2889505197505198,0.2592989849167701,0.3176439283480052,2405
RefCOCO+,yoloworld,blur,4,0.6,0.8,0.7,0.273842663273961,0.24591919379453983,0.30214241802775393,2358
RefCOCO+,yoloworld,blur,5,0.8,1.0,0.9,0.2574829931972789,0.22808108349948228,0.28784902793411593,2499
RefCOCO+,yoloworld,brightness,1,0.0,0.2,0.1,0.7306961616161616,0.7025845407528863,0.7594348074055153,2475
RefCOCO+,yoloworld,brightness,2,0.2,0.4,0.3,0.697859375,0.6687175984544168,0.7254692531157506,2432
RefCOCO+,yoloworld,brightness,3,0.4,0.6,0.5,0.6944806300553427,0.6669184466014794,0.7212927459373879,2349
RefCOCO+,yoloworld,brightness,4,0.6,0.8,0.7,0.6670892785970507,0.6382379731708693,0.6957239452526175,2509
RefCOCO+,yoloworld,brightness,5,0.8,1.0,0.9,0.6489492969748616,0.6202420099821924,0.6768741353202327,2347
RefCOCO+,yoloworld,jpeg,1,0.0,0.2,0.1,0.6320399168399169,0.6032645601276897,0.6603763767293046,2405
RefCOCO+,yoloworld,jpeg,2,0.2,0.4,0.3,0.5202290748898678,0.4913704706085692,0.5510627011682118,2497
RefCOCO+,yoloworld,jpeg,3,0.4,0.6,0.5,0.45971134903640254,0.4287657128662737,0.49076458469514256,2335
RefCOCO+,yoloworld,jpeg,4,0.6,0.8,0.7,0.4036916081025217,0.3720942383952007,0.4348499417039097,2419
RefCOCO+,yoloworld,jpeg,5,0.8,1.0,0.9,0.3646298859934854,0.3342366959950357,0.39521666510412123,2456
RefCOCO+,yoloworld,resolution,1,0.0,0.2,0.1,0.45383326604763824,0.4218979282079147,0.4849246069661507,2477
RefCOCO+,yoloworld,resolution,2,0.2,0.4,0.3,0.4211763017630176,0.3894594142640271,0.45241028442639475,2439
RefCOCO+,yoloworld,resolution,3,0.4,0.6,0.5,0.3858837998303647,0.3546640294987755,0.4150927723532422,2358
RefCOCO+,yoloworld,resolution,4,0.6,0.8,0.7,0.36679698942229455,0.33555121966418205,0.3985127310557668,2458
RefCOCO+,yoloworld,resolution,5,0.8,1.0,0.9,0.3625966386554622,0.33146594862750745,0.3935857128606403,2380
RefCOCO+,yoloworld,gaussian_noise,1,0.0,0.2,0.1,0.7215058091286307,0.6942751557851007,0.747758831114469,2410
RefCOCO+,yoloworld,gaussian_noise,2,0.2,0.4,0.3,0.639518533604888,0.6123849079971692,0.6674433706486249,2455
RefCOCO+,yoloworld,gaussian_noise,3,0.4,0.6,0.5,0.5814410913600662,0.5522973229312259,0.6113473179093152,2419
RefCOCO+,yoloworld,gaussian_noise,4,0.6,0.8,0.7,0.5443771168938455,0.5151937536321003,0.5756714145051541,2421
RefCOCO+,yoloworld,gaussian_noise,5,0.8,1.0,0.9,0.4953365184877441,0.46281856533317195,0.525912877045555,2407
Ref-L4,groundingdino,blur,1,0.0,0.2,0.1,0.9353941267387944,0.9201973412717857,0.9490976113592081,3235
Ref-L4,groundingdino,blur,2,0.2,0.4,0.3,0.8510236220472441,0.8281294689964984,0.8725846954246957,3175
Ref-L4,groundingdino,blur,3,0.4,0.6,0.5,0.7644334671194813,0.7368566850417537,0.7920318299424655,3239
Ref-L4,groundingdino,blur,4,0.6,0.8,0.7,0.7193877551020408,0.6893923299656941,0.7507316177929447,3136
Ref-L4,groundingdino,blur,5,0.8,1.0,0.9,0.6842923794712286,0.6538393679042651,0.714418040877823,3215
Ref-L4,groundingdino,brightness,1,0.0,0.2,0.1,0.9820655534941249,0.9758925775155545,0.9874466097045259,3234
Ref-L4,groundingdino,brightness,2,0.2,0.4,0.3,0.9680480860487187,0.9591125520908689,0.9767899538572515,3161
Ref-L4,groundingdino,brightness,3,0.4,0.6,0.5,0.9440779139176877,0.9304925569207493,0.9568857768514428,3183
Ref-L4,groundingdino,brightness,4,0.6,0.8,0.7,0.9273399014778325,0.9123445139008185,0.941506412688702,3248
Ref-L4,groundingdino,brightness,5,0.8,1.0,0.9,0.926591052299937,0.9119055764340683,0.9401488283358562,3174
Ref-L4,groundingdino,jpeg,1,0.0,0.2,0.1,0.9271889400921659,0.9115188959998408,0.941591593919678,3255
Ref-L4,groundingdino,jpeg,2,0.2,0.4,0.3,0.8526785714285714,0.831073251807387,0.8746438746438746,3136
Ref-L4,groundingdino,jpeg,3,0.4,0.6,0.5,0.819703799098519,0.7951213442556447,0.8435920205092383,3106
Ref-L4,groundingdino,jpeg,4,0.6,0.8,0.7,0.7962128043282236,0.7701522378855907,0.8201516520863771,3327
Ref-L4,groundingdino,jpeg,5,0.8,1.0,0.9,0.7972292191435768,0.7723259394051074,0.8221901373407643,3176
Ref-L4,groundingdino,resolution,1,0.0,0.2,0.1,0.8879256965944272,0.8695379597117037,0.9054776211421315,3230
Ref-L4,groundingdino,resolution,2,0.2,0.4,0.3,0.8789571694599627,0.8584595926709688,0.8989563930452484,3222
Ref-L4,groundingdino,resolution,3,0.4,0.6,0.5,0.8763659069622229,0.8546562787781413,0.8977047813510294,3203
Ref-L4,groundingdino,resolution,4,0.6,0.8,0.7,0.8445692883895131,0.8196996822444392,0.866249590745389,3204
Ref-L4,groundingdino,resolution,5,0.8,1.0,0.9,0.8182107609041707,0.7952240200691971,0.842144175256539,3141
Ref-L4,groundingdino,gaussian_noise,1,0.0,0.2,0.1,0.9613970588235294,0.9509957263661697,0.9714659694801658,3264
Ref-L4,groundingdino,gaussian_noise,2,0.2,0.4,0.3,0.9298245614035088,0.9141410415344241,0.9438131522130262,3135
Ref-L4,groundingdino,gaussian_noise,3,0.4,0.6,0.5,0.9055241682360327,0.8877458250387217,0.9219216190931419,3186
Ref-L4,groundingdino,gaussian_noise,4,0.6,0.8,0.7,0.8896852602056715,0.8708029063430313,0.9075561189736526,3209
Ref-L4,groundingdino,gaussian_noise,5,0.8,1.0,0.9,0.8658764815970056,0.8460339887406915,0.8860570982800983,3206
Ref-L4,owlv2,blur,1,0.0,0.2,0.1,0.8276474597273854,0.8043468920999485,0.8496786027004778,3228
Ref-L4,owlv2,blur,2,0.2,0.4,0.3,0.699765225623225,0.6697255874374739,0.7292162168628653,3169
Ref-L4,owlv2,blur,3,0.4,0.6,0.5,0.6406456400742115,0.6087009579023268,0.6701858971384947,3234
Ref-L4,owlv2,blur,4,0.6,0.8,0.7,0.5461897763578275,0.5139018723160035,0.5789909274842893,3130
Ref-L4,owlv2,blur,5,0.8,1.0,0.9,0.5016451512316807,0.46875743347418913,0.535249965182467,3207
Ref-L4,owlv2,brightness,1,0.0,0.2,0.1,0.9578203778259523,0.946301197448635,0.9681957726845398,3229
Ref-L4,owlv2,brightness,2,0.2,0.4,0.3,0.9156253968253968,0.8998744983094041,0.9303503590199688,3150
Ref-L4,owlv2,brightness,3,0.4,0.6,0.5,0.8802001888574127,0.8613067545129912,0.8985513362209873,3177
Ref-L4,owlv2,brightness,4,0.6,0.8,0.7,0.8545490438001233,0.833893973614272,0.8739544381159099,3242
Ref-L4,owlv2,brightness,5,0.8,1.0,0.9,0.8185488958990537,0.7954058934712163,0.8399370559036871,3170
Ref-L4,owlv2,jpeg,1,0.0,0.2,0.1,0.8403239913766554,0.8180844322288403,0.8619663393020992,3247
Ref-L4,owlv2,jpeg,2,0.2,0.4,0.3,0.8066289549376797,0.7809198080364035,0.8298114951171752,3129
Ref-L4,owlv2,jpeg,3,0.4,0.6,0.5,0.7728218205293738,0.7466980365878775,0.7966315479417483,3098
Ref-L4,owlv2,jpeg,4,0.6,0.8,0.7,0.7417405177603853,0.7148687185366362,0.7688494880123167,3322
Ref-L4,owlv2,jpeg,5,0.8,1.0,0.9,0.7374880201765447,0.7109629647502506,0.7632702273355779,3172
Ref-L4,owlv2,resolution,1,0.0,0.2,0.1,0.7632857586099907,0.7383486488614222,0.788603413737719,3223
Ref-L4,owlv2,resolution,2,0.2,0.4,0.3,0.7480342252644678,0.7198460097943076,0.7747113035541114,3214
Ref-L4,owlv2,resolution,3,0.4,0.6,0.5,0.7393633802816901,0.7117093357904268,0.7662551720582055,3195
Ref-L4,owlv2,resolution,4,0.6,0.8,0.7,0.7262719599874962,0.6970537340567021,0.7547088659200333,3199
Ref-L4,owlv2,resolution,5,0.8,1.0,0.9,0.6865425565827225,0.6559055109627882,0.7144268260908069,3137
Ref-L4,owlv2,gaussian_noise,1,0.0,0.2,0.1,0.9431007990165949,0.9301875793064792,0.9548714297640063,3254
Ref-L4,owlv2,gaussian_noise,2,0.2,0.4,0.3,0.8720140620006392,0.8538050560615178,0.8899372899128014,3129
Ref-L4,owlv2,gaussian_noise,3,0.4,0.6,0.5,0.7950701920050363,0.7725134553025064,0.8176854170228546,3177
Ref-L4,owlv2,gaussian_noise,4,0.6,0.8,0.7,0.7188587464920487,0.6932779066642479,0.7444285496486404,3207
Ref-L4,owlv2,gaussian_noise,5,0.8,1.0,0.9,0.6534857856919712,0.6257099086700937,0.6814436760090372,3201
Ref-L4,yoloworld,blur,1,0.0,0.2,0.1,0.6205967550455085,0.5921014874651811,0.6501960715661915,2527
Ref-L4,yoloworld,blur,2,0.2,0.4,0.3,0.43507048458149783,0.402434978632656,0.4692306441404741,2497
Ref-L4,yoloworld,blur,3,0.4,0.6,0.5,0.3147780448717949,0.28291726581519683,0.34693280841494684,2496
Ref-L4,yoloworld,blur,4,0.6,0.8,0.7,0.28062182116488926,0.2520452419015566,0.30945027187165997,2438
Ref-L4,yoloworld,blur,5,0.8,1.0,0.9,0.25694838455476754,0.22866165693752283,0.28509902156585903,2538
Ref-L4,yoloworld,brightness,1,0.0,0.2,0.1,0.756143025540275,0.7286303046146562,0.782245835045684,2545
Ref-L4,yoloworld,brightness,2,0.2,0.4,0.3,0.731377579927155,0.7043133603792796,0.7579300928389019,2471
Ref-L4,yoloworld,brightness,3,0.4,0.6,0.5,0.7076931407942239,0.6797094021100527,0.734620379837046,2493
Ref-L4,yoloworld,brightness,4,0.6,0.8,0.7,0.6861531062124249,0.6592536335775424,0.7124629273413547,2495
Ref-L4,yoloworld,brightness,5,0.8,1.0,0.9,0.6565790529695025,0.6279084258735723,0.6844536136274124,2492
Ref-L4,yoloworld,jpeg,1,0.0,0.2,0.1,0.6648845393436141,0.6359813970235083,0.693650264100909,2529
Ref-L4,yoloworld,jpeg,2,0.2,0.4,0.3,0.5810461412821559,0.5506280827818348,0.6100019823371194,2449
Ref-L4,yoloworld,jpeg,3,0.4,0.6,0.5,0.5312221762515514,0.4975674656765751,0.561089880148958,2417
Ref-L4,yoloworld,jpeg,4,0.6,0.8,0.7,0.46788156381755464,0.4366329061682243,0.4983899213527751,2609
Ref-L4,yoloworld,jpeg,5,0.8,1.0,0.9,0.4324959871589085,0.4023248605856822,0.4642241647307236,2492
Ref-L4,yoloworld,resolution,1,0.0,0.2,0.1,0.5182019723865878,0.4881370984378178,0.5478382484429131,2535
Ref-L4,yoloworld,resolution,2,0.2,0.4,0.3,0.4946127373417722,0.46180619149371127,0.5273075391620397,2528
Ref-L4,yoloworld,resolution,3,0.4,0.6,0.5,0.4667367793240557,0.43268150053283766,0.5003638195549721,2515
Ref-L4,yoloworld,resolution,4,0.6,0.8,0.7,0.4209019766034691,0.38813073131537884,0.45427356258825796,2479
Ref-L4,yoloworld,resolution,5,0.8,1.0,0.9,0.3656834768347684,0.33435971010752435,0.39636849992117046,2439
Ref-L4,yoloworld,gaussian_noise,1,0.0,0.2,0.1,0.7468696850393701,0.7206918046571328,0.7722466113465903,2540
Ref-L4,yoloworld,gaussian_noise,2,0.2,0.4,0.3,0.6687873563218392,0.6392370380109355,0.6973047474773115,2436
Ref-L4,yoloworld,gaussian_noise,3,0.4,0.6,0.5,0.5976374850775965,0.5672676623584635,0.6263859719556618,2513
Ref-L4,yoloworld,gaussian_noise,4,0.6,0.8,0.7,0.5218158105939005,0.49259305769715056,0.5521802415048742,2492
Ref-L4,yoloworld,gaussian_noise,5,0.8,1.0,0.9,0.4772950298210735,0.4462840079862198,0.5083551190087048,2515
