dataset,model,diagnostic_budget,scope,predictor,bin_lower,bin_upper,sample_count,mean_prediction,mean_reference_operational,calibration_gap
refcoco,groundingdino,5,paired_complete_cases,complete_case_persistence,0.0,0.1,1,0.0,0.2625,-0.2625
refcoco,groundingdino,5,paired_complete_cases,complete_case_persistence,0.2,0.3,11,0.20454545454545459,0.39431818181818185,-0.18977272727272726
refcoco,groundingdino,5,paired_complete_cases,complete_case_persistence,0.3,0.4,2,0.3333333333333333,0.3875,-0.054166666666666696
refcoco,groundingdino,5,paired_complete_cases,complete_case_persistence,0.4,0.5,12,0.4000000000000001,0.5010416666666667,-0.10104166666666664
refcoco,groundingdino,5,paired_complete_cases,complete_case_persistence,0.5,0.6,5,0.5,0.55,-0.050000000000000044
refcoco,groundingdino,5,paired_complete_cases,complete_case_persistence,0.6,0.7,29,0.606896551724138,0.6396551724137931,-0.03275862068965507
refcoco,groundingdino,5,paired_complete_cases,complete_case_persistence,0.7,0.8,12,0.75,0.6447916666666668,0.10520833333333324
refcoco,groundingdino,5,paired_complete_cases,complete_case_persistence,0.8,0.9,52,0.7999999999999997,0.7947115384615384,0.005288461538461298
refcoco,groundingdino,5,paired_complete_cases,complete_case_persistence,0.9,1.0,374,1.0,0.9246991978609626,0.07530080213903745
refcoco,groundingdino,5,paired_complete_cases,coverage_aware_operational,0.0,0.1,1,0.0,0.2625,-0.2625
refcoco,groundingdino,5,paired_complete_cases,coverage_aware_operational,0.2,0.3,16,0.2,0.36250000000000004,-0.16250000000000003
refcoco,groundingdino,5,paired_complete_cases,coverage_aware_operational,0.4,0.5,25,0.4000000000000001,0.507,-0.10699999999999993
refcoco,groundingdino,5,paired_complete_cases,coverage_aware_operational,0.6,0.7,50,0.6000000000000001,0.6565000000000001,-0.056499999999999995
refcoco,groundingdino,5,paired_complete_cases,coverage_aware_operational,0.8,0.9,92,0.7999999999999998,0.8001358695652173,-0.0001358695652174946
refcoco,groundingdino,5,paired_complete_cases,coverage_aware_operational,0.9,1.0,314,1.0,0.9630971337579619,0.03690286624203809
refcoco,groundingdino,10,paired_complete_cases,complete_case_persistence,0.0,0.1,1,0.0,0.2625,-0.2625
refcoco,groundingdino,10,paired_complete_cases,complete_case_persistence,0.1,0.2,3,0.10000000000000002,0.22916666666666666,-0.12916666666666665
refcoco,groundingdino,10,paired_complete_cases,complete_case_persistence,0.2,0.3,2,0.24285714285714285,0.35625,-0.11339285714285716
refcoco,groundingdino,10,paired_complete_cases,complete_case_persistence,0.3,0.4,6,0.3,0.4166666666666667,-0.1166666666666667
refcoco,groundingdino,10,paired_complete_cases,complete_case_persistence,0.4,0.5,7,0.4126984126984126,0.4714285714285715,-0.058730158730158855
refcoco,groundingdino,10,paired_complete_cases,complete_case_persistence,0.5,0.6,11,0.5216450216450216,0.49886363636363634,0.022781385281385236
refcoco,groundingdino,10,paired_complete_cases,complete_case_persistence,0.6,0.7,27,0.6157407407407407,0.6351851851851852,-0.019444444444444486
refcoco,groundingdino,10,paired_complete_cases,complete_case_persistence,0.7,0.8,23,0.7224982746721875,0.6880434782608696,0.03445479641131788
refcoco,groundingdino,10,paired_complete_cases,complete_case_persistence,0.8,0.9,36,0.8120039682539684,0.757638888888889,0.054365079365079394
refcoco,groundingdino,10,paired_complete_cases,complete_case_persistence,0.9,1.0,382,0.9897905759162304,0.9277159685863876,0.062074607329842824
refcoco,groundingdino,10,paired_complete_cases,coverage_aware_operational,0.0,0.1,1,0.0,0.2625,-0.2625
refcoco,groundingdino,10,paired_complete_cases,coverage_aware_operational,0.1,0.2,4,0.1,0.22500000000000003,-0.12500000000000003
refcoco,groundingdino,10,paired_complete_cases,coverage_aware_operational,0.2,0.3,3,0.20000000000000004,0.32083333333333336,-0.12083333333333332
refcoco,groundingdino,10,paired_complete_cases,coverage_aware_operational,0.3,0.4,12,0.29999999999999993,0.39791666666666664,-0.09791666666666671
refcoco,groundingdino,10,paired_complete_cases,coverage_aware_operational,0.4,0.5,11,0.4,0.47272727272727266,-0.07272727272727264
refcoco,groundingdino,10,paired_complete_cases,coverage_aware_operational,0.5,0.6,14,0.5,0.5455357142857142,-0.045535714285714235
refcoco,groundingdino,10,paired_complete_cases,coverage_aware_operational,0.6,0.7,31,0.6000000000000002,0.6318548387096774,-0.0318548387096772
refcoco,groundingdino,10,paired_complete_cases,coverage_aware_operational,0.7,0.8,37,0.6999999999999998,0.7138513513513514,-0.013851351351351515
refcoco,groundingdino,10,paired_complete_cases,coverage_aware_operational,0.8,0.9,51,0.7999999999999998,0.7933823529411765,0.006617647058823284
refcoco,groundingdino,10,paired_complete_cases,coverage_aware_operational,0.9,1.0,334,0.9778443113772456,0.9622380239520958,0.0156062874251498
refcoco,groundingdino,20,paired_complete_cases,complete_case_persistence,0.1,0.2,1,0.1,0.25,-0.15
refcoco,groundingdino,20,paired_complete_cases,complete_case_persistence,0.2,0.3,4,0.21842105263157896,0.2875,-0.06907894736842102
refcoco,groundingdino,20,paired_complete_cases,complete_case_persistence,0.3,0.4,5,0.3434356725146199,0.41,-0.06656432748538005
refcoco,groundingdino,20,paired_complete_cases,complete_case_persistence,0.4,0.5,8,0.42138157894736844,0.43125,-0.009868421052631582
refcoco,groundingdino,20,paired_complete_cases,complete_case_persistence,0.5,0.6,17,0.5263801214265611,0.4860294117647058,0.04035070966185528
refcoco,groundingdino,20,paired_complete_cases,complete_case_persistence,0.6,0.7,24,0.6506923082435853,0.6385416666666667,0.012150641576918586
refcoco,groundingdino,20,paired_complete_cases,complete_case_persistence,0.7,0.8,20,0.7393679712100765,0.685625,0.05374297121007643
refcoco,groundingdino,20,paired_complete_cases,complete_case_persistence,0.8,0.9,44,0.829741298433249,0.8051136363636364,0.024627662069612533
refcoco,groundingdino,20,paired_complete_cases,complete_case_persistence,0.9,1.0,376,0.9890319188058755,0.9256981382978723,0.0633337805080032
refcoco,groundingdino,20,paired_complete_cases,coverage_aware_operational,0.0,0.1,2,0.05,0.15625,-0.10625
refcoco,groundingdino,20,paired_complete_cases,coverage_aware_operational,0.1,0.2,1,0.1,0.25,-0.15
refcoco,groundingdino,20,paired_complete_cases,coverage_aware_operational,0.2,0.3,8,0.21875,0.30000000000000004,-0.08125000000000004
refcoco,groundingdino,20,paired_complete_cases,coverage_aware_operational,0.3,0.4,8,0.33749999999999997,0.39375000000000004,-0.05625000000000008
refcoco,groundingdino,20,paired_complete_cases,coverage_aware_operational,0.4,0.5,11,0.4181818181818182,0.45909090909090905,-0.04090909090909084
refcoco,groundingdino,20,paired_complete_cases,coverage_aware_operational,0.5,0.6,23,0.5217391304347827,0.532608695652174,-0.010869565217391242
refcoco,groundingdino,20,paired_complete_cases,coverage_aware_operational,0.6,0.7,33,0.6303030303030303,0.6287878787878788,0.0015151515151514694
refcoco,groundingdino,20,paired_complete_cases,coverage_aware_operational,0.7,0.8,28,0.7249999999999999,0.7258928571428571,-0.0008928571428572507
refcoco,groundingdino,20,paired_complete_cases,coverage_aware_operational,0.8,0.9,68,0.8213235294117647,0.8113970588235295,0.009926470588235148
refcoco,groundingdino,20,paired_complete_cases,coverage_aware_operational,0.9,1.0,317,0.9798107255520505,0.9716876971608832,0.008123028391167297
refcoco,groundingdino,40,paired_complete_cases,complete_case_persistence,0.1,0.2,2,0.16249999999999998,0.225,-0.06250000000000003
refcoco,groundingdino,40,paired_complete_cases,complete_case_persistence,0.2,0.3,2,0.2278846153846154,0.34375,-0.11586538461538459
refcoco,groundingdino,40,paired_complete_cases,complete_case_persistence,0.3,0.4,7,0.3595313089673992,0.3696428571428572,-0.010111548175458007
refcoco,groundingdino,40,paired_complete_cases,complete_case_persistence,0.4,0.5,11,0.44040404040404046,0.4602272727272728,-0.019823232323232354
refcoco,groundingdino,40,paired_complete_cases,complete_case_persistence,0.5,0.6,13,0.5422196073738723,0.49615384615384617,0.04606576122002615
refcoco,groundingdino,40,paired_complete_cases,complete_case_persistence,0.6,0.7,22,0.6457612414849258,0.6176136363636364,0.028147605121289332
refcoco,groundingdino,40,paired_complete_cases,complete_case_persistence,0.7,0.8,34,0.7408141333201256,0.7018382352941177,0.03897589802600787
refcoco,groundingdino,40,paired_complete_cases,complete_case_persistence,0.8,0.9,37,0.8453075506418325,0.8175675675675674,0.027739983074265062
refcoco,groundingdino,40,paired_complete_cases,complete_case_persistence,0.9,1.0,371,0.9904063899510167,0.9292452830188679,0.06116110693214882
refcoco,groundingdino,40,paired_complete_cases,coverage_aware_operational,0.0,0.1,1,0.075,0.1,-0.02500000000000001
refcoco,groundingdino,40,paired_complete_cases,coverage_aware_operational,0.1,0.2,3,0.14166666666666666,0.22083333333333335,-0.07916666666666669
refcoco,groundingdino,40,paired_complete_cases,coverage_aware_operational,0.2,0.3,5,0.25,0.31,-0.06
refcoco,groundingdino,40,paired_complete_cases,coverage_aware_operational,0.3,0.4,10,0.335,0.36375,-0.028749999999999998
refcoco,groundingdino,40,paired_complete_cases,coverage_aware_operational,0.4,0.5,17,0.43823529411764706,0.4632352941176471,-0.025000000000000022
refcoco,groundingdino,40,paired_complete_cases,coverage_aware_operational,0.5,0.6,18,0.5361111111111111,0.5388888888888889,-0.002777777777777768
refcoco,groundingdino,40,paired_complete_cases,coverage_aware_operational,0.6,0.7,36,0.6381944444444444,0.6482638888888889,-0.010069444444444464
refcoco,groundingdino,40,paired_complete_cases,coverage_aware_operational,0.7,0.8,40,0.740625,0.7256250000000001,0.014999999999999902
refcoco,groundingdino,40,paired_complete_cases,coverage_aware_operational,0.8,0.9,66,0.8390151515151515,0.8325757575757576,0.006439393939393856
refcoco,groundingdino,40,paired_complete_cases,coverage_aware_operational,0.9,1.0,303,0.9839108910891089,0.9797029702970298,0.004207920792079101
refcoco,owlv2,5,paired_complete_cases,complete_case_persistence,0.0,0.1,8,0.0,0.20468750000000002,-0.20468750000000002
refcoco,owlv2,5,paired_complete_cases,complete_case_persistence,0.2,0.3,19,0.21578947368421056,0.42697368421052634,-0.21118421052631578
refcoco,owlv2,5,paired_complete_cases,complete_case_persistence,0.3,0.4,3,0.3333333333333333,0.3666666666666667,-0.03333333333333338
refcoco,owlv2,5,paired_complete_cases,complete_case_persistence,0.4,0.5,22,0.40000000000000013,0.5267045454545455,-0.12670454545454535
refcoco,owlv2,5,paired_complete_cases,complete_case_persistence,0.5,0.6,12,0.5,0.4947916666666667,0.005208333333333315
refcoco,owlv2,5,paired_complete_cases,complete_case_persistence,0.6,0.7,40,0.6133333333333333,0.626875,-0.013541666666666674
refcoco,owlv2,5,paired_complete_cases,complete_case_persistence,0.7,0.8,12,0.75,0.6854166666666667,0.06458333333333333
refcoco,owlv2,5,paired_complete_cases,complete_case_persistence,0.8,0.9,48,0.7999999999999999,0.79140625,0.008593749999999956
refcoco,owlv2,5,paired_complete_cases,complete_case_persistence,0.9,1.0,321,1.0,0.839563862928349,0.16043613707165105
refcoco,owlv2,5,paired_complete_cases,coverage_aware_operational,0.0,0.1,8,0.0,0.20468750000000002,-0.20468750000000002
refcoco,owlv2,5,paired_complete_cases,coverage_aware_operational,0.2,0.3,29,0.20000000000000007,0.428448275862069,-0.22844827586206895
refcoco,owlv2,5,paired_complete_cases,coverage_aware_operational,0.4,0.5,56,0.39999999999999997,0.49843750000000003,-0.09843750000000007
refcoco,owlv2,5,paired_complete_cases,coverage_aware_operational,0.6,0.7,78,0.6000000000000001,0.6342948717948718,-0.03429487179487167
refcoco,owlv2,5,paired_complete_cases,coverage_aware_operational,0.8,0.9,100,0.7999999999999998,0.7863749999999999,0.013624999999999887
refcoco,owlv2,5,paired_complete_cases,coverage_aware_operational,0.9,1.0,214,1.0,0.9302570093457944,0.06974299065420564
refcoco,owlv2,10,paired_complete_cases,complete_case_persistence,0.0,0.1,4,0.0,0.19375,-0.19375
refcoco,owlv2,10,paired_complete_cases,complete_case_persistence,0.1,0.2,4,0.11696428571428572,0.240625,-0.12366071428571429
refcoco,owlv2,10,paired_complete_cases,complete_case_persistence,0.2,0.3,12,0.22242063492063494,0.3177083333333333,-0.09528769841269838
refcoco,owlv2,10,paired_complete_cases,complete_case_persistence,0.3,0.4,12,0.32361111111111107,0.44895833333333335,-0.12534722222222228
refcoco,owlv2,10,paired_complete_cases,complete_case_persistence,0.4,0.5,10,0.4117460317460317,0.43,-0.0182539682539683
refcoco,owlv2,10,paired_complete_cases,complete_case_persistence,0.5,0.6,22,0.5209235209235209,0.5267045454545455,-0.005781024531024581
refcoco,owlv2,10,paired_complete_cases,complete_case_persistence,0.6,0.7,25,0.6163333333333333,0.632,-0.015666666666666718
refcoco,owlv2,10,paired_complete_cases,complete_case_persistence,0.7,0.8,33,0.7236892736892736,0.6522727272727273,0.07141654641654627
refcoco,owlv2,10,paired_complete_cases,complete_case_persistence,0.8,0.9,53,0.8363057801737044,0.7127358490566036,0.1235699311171008
refcoco,owlv2,10,paired_complete_cases,complete_case_persistence,0.9,1.0,312,0.9871794871794872,0.8582532051282052,0.12892628205128198
refcoco,owlv2,10,paired_complete_cases,coverage_aware_operational,0.0,0.1,4,0.0,0.19375,-0.19375
refcoco,owlv2,10,paired_complete_cases,coverage_aware_operational,0.1,0.2,5,0.1,0.22999999999999998,-0.12999999999999998
refcoco,owlv2,10,paired_complete_cases,coverage_aware_operational,0.2,0.3,15,0.20000000000000007,0.32249999999999995,-0.12249999999999989
refcoco,owlv2,10,paired_complete_cases,coverage_aware_operational,0.3,0.4,22,0.29999999999999993,0.4142045454545455,-0.11420454545454556
refcoco,owlv2,10,paired_complete_cases,coverage_aware_operational,0.4,0.5,23,0.40000000000000013,0.46250000000000013,-0.0625
refcoco,owlv2,10,paired_complete_cases,coverage_aware_operational,0.5,0.6,41,0.5,0.5314024390243902,-0.031402439024390216
refcoco,owlv2,10,paired_complete_cases,coverage_aware_operational,0.6,0.7,39,0.6000000000000002,0.6413461538461538,-0.04134615384615359
refcoco,owlv2,10,paired_complete_cases,coverage_aware_operational,0.7,0.8,46,0.7,0.6790760869565217,0.020923913043478293
refcoco,owlv2,10,paired_complete_cases,coverage_aware_operational,0.8,0.9,59,0.7999999999999998,0.7936440677966101,0.0063559322033897026
refcoco,owlv2,10,paired_complete_cases,coverage_aware_operational,0.9,1.0,233,0.9669527896995709,0.9370171673819742,0.029935622317596722
refcoco,owlv2,20,paired_complete_cases,complete_case_persistence,0.0,0.1,2,0.05131578947368421,0.13125,-0.0799342105263158
refcoco,owlv2,20,paired_complete_cases,complete_case_persistence,0.1,0.2,3,0.13092105263157894,0.3416666666666666,-0.21074561403508768
refcoco,owlv2,20,paired_complete_cases,complete_case_persistence,0.2,0.3,15,0.25016397202155716,0.29083333333333333,-0.040669361311776175
refcoco,owlv2,20,paired_complete_cases,complete_case_persistence,0.3,0.4,8,0.3319235588972431,0.27031249999999996,0.061611058897243165
refcoco,owlv2,20,paired_complete_cases,complete_case_persistence,0.4,0.5,12,0.44538734972171506,0.4666666666666666,-0.021279316944951554
refcoco,owlv2,20,paired_complete_cases,complete_case_persistence,0.5,0.6,25,0.5368614749543542,0.5245000000000001,0.012361474954354135
refcoco,owlv2,20,paired_complete_cases,complete_case_persistence,0.6,0.7,26,0.641377222278925,0.5889423076923077,0.05243491458661731
refcoco,owlv2,20,paired_complete_cases,complete_case_persistence,0.7,0.8,40,0.7457950352880693,0.7034375,0.04235753528806929
refcoco,owlv2,20,paired_complete_cases,complete_case_persistence,0.8,0.9,47,0.849032694830073,0.75,0.09903269483007304
refcoco,owlv2,20,paired_complete_cases,complete_case_persistence,0.9,1.0,309,0.9830157057433202,0.855906148867314,0.12710955687600622
refcoco,owlv2,20,paired_complete_cases,coverage_aware_operational,0.0,0.1,3,0.05000000000000001,0.125,-0.07499999999999998
refcoco,owlv2,20,paired_complete_cases,coverage_aware_operational,0.1,0.2,6,0.125,0.2791666666666666,-0.15416666666666662
refcoco,owlv2,20,paired_complete_cases,coverage_aware_operational,0.2,0.3,17,0.23529411764705882,0.2948529411764706,-0.059558823529411775
refcoco,owlv2,20,paired_complete_cases,coverage_aware_operational,0.3,0.4,18,0.3305555555555555,0.3493055555555556,-0.0187500000000001
refcoco,owlv2,20,paired_complete_cases,coverage_aware_operational,0.4,0.5,25,0.43200000000000005,0.45699999999999996,-0.02499999999999991
refcoco,owlv2,20,paired_complete_cases,coverage_aware_operational,0.5,0.6,47,0.5255319148936171,0.5308510638297873,-0.005319148936170248
refcoco,owlv2,20,paired_complete_cases,coverage_aware_operational,0.6,0.7,40,0.625,0.6109375,0.014062499999999978
refcoco,owlv2,20,paired_complete_cases,coverage_aware_operational,0.7,0.8,61,0.728688524590164,0.7569672131147541,-0.028278688524590145
refcoco,owlv2,20,paired_complete_cases,coverage_aware_operational,0.8,0.9,57,0.825438596491228,0.8232456140350877,0.002192982456140302
refcoco,owlv2,20,paired_complete_cases,coverage_aware_operational,0.9,1.0,213,0.9647887323943662,0.9504107981220657,0.014377934272300497
refcoco,owlv2,40,paired_complete_cases,complete_case_persistence,0.0,0.1,1,0.025,0.0,0.025
refcoco,owlv2,40,paired_complete_cases,complete_case_persistence,0.1,0.2,3,0.11842105263157894,0.2333333333333333,-0.11491228070175437
refcoco,owlv2,40,paired_complete_cases,complete_case_persistence,0.2,0.3,12,0.265806105983057,0.284375,-0.018568894016943005
refcoco,owlv2,40,paired_complete_cases,complete_case_persistence,0.3,0.4,14,0.3527794603730126,0.34464285714285714,0.00813660323015547
refcoco,owlv2,40,paired_complete_cases,complete_case_persistence,0.4,0.5,9,0.44408691755182983,0.43472222222222223,0.009364695329607597
refcoco,owlv2,40,paired_complete_cases,complete_case_persistence,0.5,0.6,25,0.5359011999494758,0.4935,0.04240119994947583
refcoco,owlv2,40,paired_complete_cases,complete_case_persistence,0.6,0.7,30,0.6498767448290376,0.59625,0.05362674482903762
refcoco,owlv2,40,paired_complete_cases,complete_case_persistence,0.7,0.8,38,0.7496843382087913,0.6970394736842105,0.05264486452458084
refcoco,owlv2,40,paired_complete_cases,complete_case_persistence,0.8,0.9,51,0.8603367282159852,0.7857843137254903,0.07455241449049488
refcoco,owlv2,40,paired_complete_cases,complete_case_persistence,0.9,1.0,305,0.9834433549791779,0.8527868852459017,0.13065646973327616
refcoco,owlv2,40,paired_complete_cases,coverage_aware_operational,0.0,0.1,3,0.041666666666666664,0.049999999999999996,-0.008333333333333331
refcoco,owlv2,40,paired_complete_cases,coverage_aware_operational,0.1,0.2,6,0.14166666666666664,0.21041666666666667,-0.06875000000000003
refcoco,owlv2,40,paired_complete_cases,coverage_aware_operational,0.2,0.3,18,0.2513888888888889,0.29305555555555557,-0.041666666666666685
refcoco,owlv2,40,paired_complete_cases,coverage_aware_operational,0.3,0.4,20,0.3474999999999999,0.37250000000000005,-0.025000000000000133
refcoco,owlv2,40,paired_complete_cases,coverage_aware_operational,0.4,0.5,31,0.4403225806451613,0.44879032258064516,-0.008467741935483886
refcoco,owlv2,40,paired_complete_cases,coverage_aware_operational,0.5,0.6,44,0.5375,0.5267045454545455,0.010795454545454497
refcoco,owlv2,40,paired_complete_cases,coverage_aware_operational,0.6,0.7,43,0.6401162790697674,0.647093023255814,-0.006976744186046546
refcoco,owlv2,40,paired_complete_cases,coverage_aware_operational,0.7,0.8,53,0.7433962264150944,0.762735849056604,-0.01933962264150957
refcoco,owlv2,40,paired_complete_cases,coverage_aware_operational,0.8,0.9,75,0.8446666666666667,0.8323333333333333,0.012333333333333418
refcoco,owlv2,40,paired_complete_cases,coverage_aware_operational,0.9,1.0,195,0.9705128205128205,0.9632692307692308,0.00724358974358974
refcoco,yoloworld,5,paired_complete_cases,complete_case_persistence,0.0,0.1,4,0.0,0.22499999999999998,-0.22499999999999998
refcoco,yoloworld,5,paired_complete_cases,complete_case_persistence,0.2,0.3,7,0.2357142857142857,0.4446428571428571,-0.2089285714285714
refcoco,yoloworld,5,paired_complete_cases,complete_case_persistence,0.3,0.4,8,0.3333333333333333,0.34687499999999993,-0.013541666666666619
refcoco,yoloworld,5,paired_complete_cases,complete_case_persistence,0.4,0.5,11,0.4,0.5113636363636364,-0.11136363636363633
refcoco,yoloworld,5,paired_complete_cases,complete_case_persistence,0.5,0.6,11,0.5,0.45681818181818185,0.043181818181818155
refcoco,yoloworld,5,paired_complete_cases,complete_case_persistence,0.6,0.7,27,0.617283950617284,0.5782407407407407,0.039043209876543306
refcoco,yoloworld,5,paired_complete_cases,complete_case_persistence,0.7,0.8,11,0.75,0.5829545454545454,0.1670454545454546
refcoco,yoloworld,5,paired_complete_cases,complete_case_persistence,0.8,0.9,32,0.8,0.7515625,0.04843750000000002
refcoco,yoloworld,5,paired_complete_cases,complete_case_persistence,0.9,1.0,250,1.0,0.76715,0.23285
refcoco,yoloworld,5,paired_complete_cases,coverage_aware_operational,0.0,0.1,4,0.0,0.22499999999999998,-0.22499999999999998
refcoco,yoloworld,5,paired_complete_cases,coverage_aware_operational,0.2,0.3,37,0.20000000000000004,0.37297297297297294,-0.1729729729729729
refcoco,yoloworld,5,paired_complete_cases,coverage_aware_operational,0.4,0.5,45,0.39999999999999986,0.48083333333333333,-0.08083333333333348
refcoco,yoloworld,5,paired_complete_cases,coverage_aware_operational,0.6,0.7,80,0.5999999999999999,0.58765625,0.012343749999999876
refcoco,yoloworld,5,paired_complete_cases,coverage_aware_operational,0.8,0.9,74,0.7999999999999998,0.7751689189189189,0.024831081081080897
refcoco,yoloworld,5,paired_complete_cases,coverage_aware_operational,0.9,1.0,121,1.0,0.947004132231405,0.052995867768594995
refcoco,yoloworld,10,paired_complete_cases,complete_case_persistence,0.0,0.1,2,0.0,0.16875,-0.16875
refcoco,yoloworld,10,paired_complete_cases,complete_case_persistence,0.1,0.2,1,0.14285714285714285,0.2625,-0.11964285714285716
refcoco,yoloworld,10,paired_complete_cases,complete_case_persistence,0.2,0.3,6,0.23690476190476187,0.3833333333333333,-0.14642857142857144
refcoco,yoloworld,10,paired_complete_cases,complete_case_persistence,0.3,0.4,7,0.34047619047619043,0.3410714285714285,-0.0005952380952380931
refcoco,yoloworld,10,paired_complete_cases,complete_case_persistence,0.4,0.5,7,0.41678004535147384,0.4446428571428571,-0.02786281179138328
refcoco,yoloworld,10,paired_complete_cases,complete_case_persistence,0.5,0.6,20,0.5119047619047619,0.49750000000000005,0.01440476190476181
refcoco,yoloworld,10,paired_complete_cases,complete_case_persistence,0.6,0.7,25,0.6313333333333333,0.5125,0.11883333333333335
refcoco,yoloworld,10,paired_complete_cases,complete_case_persistence,0.7,0.8,20,0.7231349206349206,0.6562500000000001,0.06688492063492046
refcoco,yoloworld,10,paired_complete_cases,complete_case_persistence,0.8,0.9,31,0.8327188940092168,0.7141129032258063,0.1186059907834105
refcoco,yoloworld,10,paired_complete_cases,complete_case_persistence,0.9,1.0,245,0.9918367346938776,0.7733163265306122,0.21852040816326535
refcoco,yoloworld,10,paired_complete_cases,coverage_aware_operational,0.0,0.1,2,0.0,0.16875,-0.16875
refcoco,yoloworld,10,paired_complete_cases,coverage_aware_operational,0.1,0.2,5,0.1,0.23500000000000001,-0.135
refcoco,yoloworld,10,paired_complete_cases,coverage_aware_operational,0.2,0.3,19,0.20000000000000004,0.33289473684210524,-0.1328947368421052
refcoco,yoloworld,10,paired_complete_cases,coverage_aware_operational,0.3,0.4,22,0.29999999999999993,0.36363636363636365,-0.06363636363636371
refcoco,yoloworld,10,paired_complete_cases,coverage_aware_operational,0.4,0.5,19,0.4000000000000001,0.4302631578947368,-0.030263157894736714
refcoco,yoloworld,10,paired_complete_cases,coverage_aware_operational,0.5,0.6,34,0.5,0.5466911764705882,-0.04669117647058818
refcoco,yoloworld,10,paired_complete_cases,coverage_aware_operational,0.6,0.7,51,0.6000000000000001,0.5620098039215686,0.03799019607843146
refcoco,yoloworld,10,paired_complete_cases,coverage_aware_operational,0.7,0.8,33,0.7,0.6886363636363636,0.011363636363636354
refcoco,yoloworld,10,paired_complete_cases,coverage_aware_operational,0.8,0.9,42,0.7999999999999998,0.7827380952380955,0.017261904761904368
refcoco,yoloworld,10,paired_complete_cases,coverage_aware_operational,0.9,1.0,137,0.9635036496350365,0.941788321167883,0.021715328467153516
refcoco,yoloworld,20,paired_complete_cases,complete_case_persistence,0.0,0.1,1,0.0,0.1375,-0.1375
refcoco,yoloworld,20,paired_complete_cases,complete_case_persistence,0.1,0.2,1,0.18181818181818182,0.2,-0.018181818181818188
refcoco,yoloworld,20,paired_complete_cases,complete_case_persistence,0.2,0.3,2,0.225,0.38125,-0.15624999999999997
refcoco,yoloworld,20,paired_complete_cases,complete_case_persistence,0.3,0.4,6,0.35113960113960113,0.4166666666666667,-0.06552706552706555
refcoco,yoloworld,20,paired_complete_cases,complete_case_persistence,0.4,0.5,16,0.43460294704006003,0.37421875,0.06038419704006004
refcoco,yoloworld,20,paired_complete_cases,complete_case_persistence,0.5,0.6,17,0.5490748208468114,0.4698529411764706,0.07922187967034078
refcoco,yoloworld,20,paired_complete_cases,complete_case_persistence,0.6,0.7,20,0.6309406821248926,0.5743750000000001,0.05656568212489255
refcoco,yoloworld,20,paired_complete_cases,complete_case_persistence,0.7,0.8,28,0.7400441276989265,0.6232142857142857,0.11682984198464075
refcoco,yoloworld,20,paired_complete_cases,complete_case_persistence,0.8,0.9,31,0.8435318518160824,0.6576612903225807,0.18587056149350167
refcoco,yoloworld,20,paired_complete_cases,complete_case_persistence,0.9,1.0,242,0.9884474767812792,0.7809400826446281,0.2075073941366511
refcoco,yoloworld,20,paired_complete_cases,coverage_aware_operational,0.0,0.1,1,0.0,0.1375,-0.1375
refcoco,yoloworld,20,paired_complete_cases,coverage_aware_operational,0.1,0.2,4,0.125,0.203125,-0.078125
refcoco,yoloworld,20,paired_complete_cases,coverage_aware_operational,0.2,0.3,18,0.23333333333333334,0.3069444444444444,-0.07361111111111107
refcoco,yoloworld,20,paired_complete_cases,coverage_aware_operational,0.3,0.4,26,0.3288461538461539,0.38557692307692304,-0.05673076923076914
refcoco,yoloworld,20,paired_complete_cases,coverage_aware_operational,0.4,0.5,26,0.4230769230769231,0.4225961538461538,0.00048076923076928457
refcoco,yoloworld,20,paired_complete_cases,coverage_aware_operational,0.5,0.6,40,0.5362500000000001,0.524375,0.01187500000000008
refcoco,yoloworld,20,paired_complete_cases,coverage_aware_operational,0.6,0.7,47,0.6127659574468087,0.6015957446808511,0.011170212765957643
refcoco,yoloworld,20,paired_complete_cases,coverage_aware_operational,0.7,0.8,34,0.7250000000000001,0.7110294117647059,0.013970588235294179
refcoco,yoloworld,20,paired_complete_cases,coverage_aware_operational,0.8,0.9,42,0.825,0.8163690476190476,0.00863095238095235
refcoco,yoloworld,20,paired_complete_cases,coverage_aware_operational,0.9,1.0,126,0.9670634920634922,0.9578373015873016,0.009226190476190554
refcoco,yoloworld,40,paired_complete_cases,complete_case_persistence,0.2,0.3,3,0.2502688172043011,0.325,-0.0747311827956989
refcoco,yoloworld,40,paired_complete_cases,complete_case_persistence,0.3,0.4,4,0.35666690829734304,0.2375,0.11916690829734305
refcoco,yoloworld,40,paired_complete_cases,complete_case_persistence,0.4,0.5,13,0.4442240491177738,0.42500000000000004,0.019224049117773756
refcoco,yoloworld,40,paired_complete_cases,complete_case_persistence,0.5,0.6,25,0.5436866817638945,0.4465,0.09718668176389444
refcoco,yoloworld,40,paired_complete_cases,complete_case_persistence,0.6,0.7,21,0.6487629139331925,0.5261904761904762,0.12257243774271631
refcoco,yoloworld,40,paired_complete_cases,complete_case_persistence,0.7,0.8,30,0.7382895759821511,0.65,0.08828957598215104
refcoco,yoloworld,40,paired_complete_cases,complete_case_persistence,0.8,0.9,27,0.8514432459846619,0.738425925925926,0.11301732005873588
refcoco,yoloworld,40,paired_complete_cases,complete_case_persistence,0.9,1.0,241,0.9875782960248424,0.775051867219917,0.21252642880492534
refcoco,yoloworld,40,paired_complete_cases,coverage_aware_operational,0.0,0.1,1,0.075,0.1625,-0.08750000000000001
refcoco,yoloworld,40,paired_complete_cases,coverage_aware_operational,0.1,0.2,5,0.14999999999999997,0.1975,-0.04750000000000004
refcoco,yoloworld,40,paired_complete_cases,coverage_aware_operational,0.2,0.3,16,0.2515625,0.2765625,-0.024999999999999967
refcoco,yoloworld,40,paired_complete_cases,coverage_aware_operational,0.3,0.4,26,0.3413461538461538,0.3600961538461539,-0.0187500000000001
refcoco,yoloworld,40,paired_complete_cases,coverage_aware_operational,0.4,0.5,35,0.4378571428571429,0.4560714285714285,-0.018214285714285627
refcoco,yoloworld,40,paired_complete_cases,coverage_aware_operational,0.5,0.6,46,0.5456521739130434,0.5437500000000001,0.0019021739130433701
refcoco,yoloworld,40,paired_complete_cases,coverage_aware_operational,0.6,0.7,41,0.6317073170731707,0.6259146341463414,0.005792682926829329
refcoco,yoloworld,40,paired_complete_cases,coverage_aware_operational,0.7,0.8,33,0.7378787878787878,0.743560606060606,-0.005681818181818232
refcoco,yoloworld,40,paired_complete_cases,coverage_aware_operational,0.8,0.9,42,0.8404761904761904,0.8383928571428572,0.002083333333333215
refcoco,yoloworld,40,paired_complete_cases,coverage_aware_operational,0.9,1.0,119,0.9682773109243699,0.9627100840336135,0.005567226890756394
refcocoplus,groundingdino,5,paired_complete_cases,complete_case_persistence,0.0,0.1,6,0.0,0.28125,-0.28125
refcocoplus,groundingdino,5,paired_complete_cases,complete_case_persistence,0.2,0.3,16,0.21875,0.34453125,-0.12578125
refcocoplus,groundingdino,5,paired_complete_cases,complete_case_persistence,0.4,0.5,30,0.40000000000000013,0.4995833333333334,-0.09958333333333325
refcocoplus,groundingdino,5,paired_complete_cases,complete_case_persistence,0.5,0.6,11,0.5,0.49090909090909096,0.009090909090909038
refcocoplus,groundingdino,5,paired_complete_cases,complete_case_persistence,0.6,0.7,65,0.6123076923076922,0.6036538461538461,0.008653846153846123
refcocoplus,groundingdino,5,paired_complete_cases,complete_case_persistence,0.7,0.8,14,0.75,0.6830357142857143,0.0669642857142857
refcocoplus,groundingdino,5,paired_complete_cases,complete_case_persistence,0.8,0.9,87,0.7999999999999998,0.7883620689655172,0.01163793103448263
refcocoplus,groundingdino,5,paired_complete_cases,complete_case_persistence,0.9,1.0,771,1.0,0.9159370946822308,0.08406290531776917
refcocoplus,groundingdino,5,paired_complete_cases,coverage_aware_operational,0.0,0.1,6,0.0,0.28125,-0.28125
refcocoplus,groundingdino,5,paired_complete_cases,coverage_aware_operational,0.2,0.3,20,0.20000000000000004,0.331875,-0.13187499999999994
refcocoplus,groundingdino,5,paired_complete_cases,coverage_aware_operational,0.4,0.5,67,0.3999999999999999,0.5091417910447761,-0.10914179104477617
refcocoplus,groundingdino,5,paired_complete_cases,coverage_aware_operational,0.6,0.7,102,0.6,0.6496323529411764,-0.049632352941176405
refcocoplus,groundingdino,5,paired_complete_cases,coverage_aware_operational,0.8,0.9,214,0.7999999999999999,0.8104556074766355,-0.010455607476635542
refcocoplus,groundingdino,5,paired_complete_cases,coverage_aware_operational,0.9,1.0,591,1.0,0.9628172588832487,0.03718274111675135
refcocoplus,groundingdino,10,paired_complete_cases,complete_case_persistence,0.0,0.1,1,0.0,0.35,-0.35
refcocoplus,groundingdino,10,paired_complete_cases,complete_case_persistence,0.1,0.2,2,0.1125,0.25625,-0.14375
refcocoplus,groundingdino,10,paired_complete_cases,complete_case_persistence,0.2,0.3,9,0.22557319223985894,0.30000000000000004,-0.0744268077601411
refcocoplus,groundingdino,10,paired_complete_cases,complete_case_persistence,0.3,0.4,14,0.3291666666666666,0.3348214285714285,-0.005654761904761885
refcocoplus,groundingdino,10,paired_complete_cases,complete_case_persistence,0.4,0.5,20,0.4080952380952382,0.468125,-0.060029761904761836
refcocoplus,groundingdino,10,paired_complete_cases,complete_case_persistence,0.5,0.6,23,0.5179434092477571,0.4684782608695652,0.04946514837819188
refcocoplus,groundingdino,10,paired_complete_cases,complete_case_persistence,0.6,0.7,41,0.6209349593495935,0.6039634146341464,0.01697154471544715
refcocoplus,groundingdino,10,paired_complete_cases,complete_case_persistence,0.7,0.8,44,0.7299963924963925,0.7193181818181817,0.010678210678210731
refcocoplus,groundingdino,10,paired_complete_cases,complete_case_persistence,0.8,0.9,75,0.8184126984126983,0.7535000000000001,0.0649126984126982
refcocoplus,groundingdino,10,paired_complete_cases,complete_case_persistence,0.9,1.0,771,0.9913099870298315,0.9206874189364462,0.0706225680933853
refcocoplus,groundingdino,10,paired_complete_cases,coverage_aware_operational,0.0,0.1,1,0.0,0.35,-0.35
refcocoplus,groundingdino,10,paired_complete_cases,coverage_aware_operational,0.1,0.2,3,0.10000000000000002,0.25833333333333336,-0.15833333333333333
refcocoplus,groundingdino,10,paired_complete_cases,coverage_aware_operational,0.2,0.3,12,0.20000000000000004,0.296875,-0.09687499999999996
refcocoplus,groundingdino,10,paired_complete_cases,coverage_aware_operational,0.3,0.4,16,0.3,0.33281249999999996,-0.03281249999999997
refcocoplus,groundingdino,10,paired_complete_cases,coverage_aware_operational,0.4,0.5,37,0.4000000000000001,0.4591216216216216,-0.059121621621621545
refcocoplus,groundingdino,10,paired_complete_cases,coverage_aware_operational,0.5,0.6,33,0.5,0.5791666666666667,-0.07916666666666672
refcocoplus,groundingdino,10,paired_complete_cases,coverage_aware_operational,0.6,0.7,64,0.6,0.6212890625,-0.021289062500000067
refcocoplus,groundingdino,10,paired_complete_cases,coverage_aware_operational,0.7,0.8,63,0.7000000000000004,0.734126984126984,-0.03412698412698356
refcocoplus,groundingdino,10,paired_complete_cases,coverage_aware_operational,0.8,0.9,114,0.8,0.7827850877192982,0.017214912280701822
refcocoplus,groundingdino,10,paired_complete_cases,coverage_aware_operational,0.9,1.0,657,0.9764079147640792,0.9585996955859969,0.017808219178082285
refcocoplus,groundingdino,20,paired_complete_cases,complete_case_persistence,0.1,0.2,4,0.16450320512820513,0.25937499999999997,-0.09487179487179484
refcocoplus,groundingdino,20,paired_complete_cases,complete_case_persistence,0.2,0.3,9,0.2400871459694989,0.21666666666666667,0.023420479302832226
refcocoplus,groundingdino,20,paired_complete_cases,complete_case_persistence,0.3,0.4,12,0.34091273936475175,0.35833333333333334,-0.017420593968581588
refcocoplus,groundingdino,20,paired_complete_cases,complete_case_persistence,0.4,0.5,19,0.4298916373851196,0.43815789473684214,-0.008266257351722539
refcocoplus,groundingdino,20,paired_complete_cases,complete_case_persistence,0.5,0.6,29,0.5326276371221391,0.5030172413793104,0.029610395742828755
refcocoplus,groundingdino,20,paired_complete_cases,complete_case_persistence,0.6,0.7,39,0.633497369327329,0.6064102564102564,0.027087112917072664
refcocoplus,groundingdino,20,paired_complete_cases,complete_case_persistence,0.7,0.8,55,0.7383020625745086,0.7202272727272727,0.018074789847235873
refcocoplus,groundingdino,20,paired_complete_cases,complete_case_persistence,0.8,0.9,76,0.8328288533610758,0.7807565789473684,0.05207227441370743
refcocoplus,groundingdino,20,paired_complete_cases,complete_case_persistence,0.9,1.0,757,0.9914688885357382,0.9225396301188903,0.06892925841684794
refcocoplus,groundingdino,20,paired_complete_cases,coverage_aware_operational,0.1,0.2,5,0.13,0.25999999999999995,-0.12999999999999995
refcocoplus,groundingdino,20,paired_complete_cases,coverage_aware_operational,0.2,0.3,11,0.22272727272727275,0.23522727272727273,-0.012499999999999983
refcocoplus,groundingdino,20,paired_complete_cases,coverage_aware_operational,0.3,0.4,20,0.31999999999999995,0.36750000000000005,-0.0475000000000001
refcocoplus,groundingdino,20,paired_complete_cases,coverage_aware_operational,0.4,0.5,28,0.4267857142857143,0.46339285714285705,-0.03660714285714273
refcocoplus,groundingdino,20,paired_complete_cases,coverage_aware_operational,0.5,0.6,52,0.5278846153846154,0.5367788461538461,-0.008894230769230682
refcocoplus,groundingdino,20,paired_complete_cases,coverage_aware_operational,0.6,0.7,55,0.6227272727272729,0.6422727272727273,-0.01954545454545442
refcocoplus,groundingdino,20,paired_complete_cases,coverage_aware_operational,0.7,0.8,90,0.7261111111111112,0.7341666666666665,-0.008055555555555372
refcocoplus,groundingdino,20,paired_complete_cases,coverage_aware_operational,0.8,0.9,130,0.8276923076923076,0.8157692307692308,0.011923076923076814
refcocoplus,groundingdino,20,paired_complete_cases,coverage_aware_operational,0.9,1.0,609,0.9798029556650247,0.9714080459770115,0.008394909688013263
refcocoplus,groundingdino,40,paired_complete_cases,complete_case_persistence,0.1,0.2,2,0.1655011655011655,0.1375,0.028001165501165493
refcocoplus,groundingdino,40,paired_complete_cases,complete_case_persistence,0.2,0.3,10,0.2477584085743479,0.23000000000000004,0.01775840857434785
refcocoplus,groundingdino,40,paired_complete_cases,complete_case_persistence,0.3,0.4,13,0.35740789931668715,0.3586538461538461,-0.001245946837158951
refcocoplus,groundingdino,40,paired_complete_cases,complete_case_persistence,0.4,0.5,18,0.43611082073503704,0.41874999999999996,0.017360820735037086
refcocoplus,groundingdino,40,paired_complete_cases,complete_case_persistence,0.5,0.6,31,0.5355705410446746,0.49677419354838714,0.038796347496287464
refcocoplus,groundingdino,40,paired_complete_cases,complete_case_persistence,0.6,0.7,38,0.6428187746726934,0.6296052631578947,0.01321351151479877
refcocoplus,groundingdino,40,paired_complete_cases,complete_case_persistence,0.7,0.8,64,0.7453733427831397,0.7124999999999999,0.0328733427831398
refcocoplus,groundingdino,40,paired_complete_cases,complete_case_persistence,0.8,0.9,75,0.844431512896233,0.791,0.053431512896232936
refcocoplus,groundingdino,40,paired_complete_cases,complete_case_persistence,0.9,1.0,749,0.9910238593643076,0.9240821094793058,0.06694174988500179
refcocoplus,groundingdino,40,paired_complete_cases,coverage_aware_operational,0.1,0.2,4,0.15,0.20937499999999998,-0.05937499999999998
refcocoplus,groundingdino,40,paired_complete_cases,coverage_aware_operational,0.2,0.3,13,0.2384615384615385,0.23942307692307693,-0.0009615384615384304
refcocoplus,groundingdino,40,paired_complete_cases,coverage_aware_operational,0.3,0.4,19,0.3447368421052632,0.3546052631578947,-0.009868421052631526
refcocoplus,groundingdino,40,paired_complete_cases,coverage_aware_operational,0.4,0.5,27,0.4398148148148148,0.4671296296296296,-0.027314814814814792
refcocoplus,groundingdino,40,paired_complete_cases,coverage_aware_operational,0.5,0.6,58,0.5353448275862069,0.5428879310344827,-0.007543103448275801
refcocoplus,groundingdino,40,paired_complete_cases,coverage_aware_operational,0.6,0.7,63,0.6416666666666665,0.6398809523809521,0.0017857142857143904
refcocoplus,groundingdino,40,paired_complete_cases,coverage_aware_operational,0.7,0.8,95,0.7384210526315789,0.7411842105263158,-0.0027631578947369118
refcocoplus,groundingdino,40,paired_complete_cases,coverage_aware_operational,0.8,0.9,133,0.8389097744360903,0.8421052631578947,-0.003195488721804418
refcocoplus,groundingdino,40,paired_complete_cases,coverage_aware_operational,0.9,1.0,588,0.9808248299319726,0.9755952380952383,0.005229591836734326
refcocoplus,owlv2,5,paired_complete_cases,complete_case_persistence,0.0,0.1,17,0.0,0.17573529411764705,-0.17573529411764705
refcocoplus,owlv2,5,paired_complete_cases,complete_case_persistence,0.2,0.3,27,0.2240740740740741,0.40138888888888885,-0.17731481481481476
refcocoplus,owlv2,5,paired_complete_cases,complete_case_persistence,0.3,0.4,4,0.3333333333333333,0.415625,-0.08229166666666671
refcocoplus,owlv2,5,paired_complete_cases,complete_case_persistence,0.4,0.5,34,0.4,0.47757352941176473,-0.07757352941176471
refcocoplus,owlv2,5,paired_complete_cases,complete_case_persistence,0.5,0.6,22,0.5,0.4568181818181818,0.04318181818181821
refcocoplus,owlv2,5,paired_complete_cases,complete_case_persistence,0.6,0.7,69,0.6154589371980678,0.6155797101449275,-0.00012077294685974849
refcocoplus,owlv2,5,paired_complete_cases,complete_case_persistence,0.7,0.8,26,0.75,0.6110576923076922,0.13894230769230775
refcocoplus,owlv2,5,paired_complete_cases,complete_case_persistence,0.8,0.9,107,0.7999999999999999,0.7973130841121495,0.0026869158878504162
refcocoplus,owlv2,5,paired_complete_cases,complete_case_persistence,0.9,1.0,657,1.0,0.8325532724505327,0.16744672754946732
refcocoplus,owlv2,5,paired_complete_cases,coverage_aware_operational,0.0,0.1,17,0.0,0.17573529411764705,-0.17573529411764705
refcocoplus,owlv2,5,paired_complete_cases,coverage_aware_operational,0.2,0.3,58,0.19999999999999996,0.3831896551724138,-0.18318965517241387
refcocoplus,owlv2,5,paired_complete_cases,coverage_aware_operational,0.4,0.5,115,0.4,0.4681521739130435,-0.06815217391304346
refcocoplus,owlv2,5,paired_complete_cases,coverage_aware_operational,0.6,0.7,147,0.6,0.6336734693877552,-0.03367346938775517
refcocoplus,owlv2,5,paired_complete_cases,coverage_aware_operational,0.8,0.9,213,0.7999999999999999,0.8014084507042253,-0.0014084507042253502
refcocoplus,owlv2,5,paired_complete_cases,coverage_aware_operational,0.9,1.0,413,1.0,0.9431900726392253,0.056809927360774726
refcocoplus,owlv2,10,paired_complete_cases,complete_case_persistence,0.0,0.1,10,0.0,0.1,-0.1
refcocoplus,owlv2,10,paired_complete_cases,complete_case_persistence,0.1,0.2,2,0.1125,0.3125,-0.2
refcocoplus,owlv2,10,paired_complete_cases,complete_case_persistence,0.2,0.3,10,0.24015873015873015,0.3075,-0.06734126984126984
refcocoplus,owlv2,10,paired_complete_cases,complete_case_persistence,0.3,0.4,22,0.32272727272727264,0.34318181818181825,-0.020454545454545614
refcocoplus,owlv2,10,paired_complete_cases,complete_case_persistence,0.4,0.5,23,0.4031746031746033,0.43695652173913047,-0.03378191856452717
refcocoplus,owlv2,10,paired_complete_cases,complete_case_persistence,0.5,0.6,34,0.5184407096171801,0.5091911764705881,0.009249533146592048
refcocoplus,owlv2,10,paired_complete_cases,complete_case_persistence,0.6,0.7,50,0.6236666666666667,0.5587500000000001,0.06491666666666662
refcocoplus,owlv2,10,paired_complete_cases,complete_case_persistence,0.7,0.8,58,0.7243431855500821,0.6398706896551725,0.08447249589490968
refcocoplus,owlv2,10,paired_complete_cases,complete_case_persistence,0.8,0.9,95,0.8322848788638262,0.7196052631578949,0.11267961570593132
refcocoplus,owlv2,10,paired_complete_cases,complete_case_persistence,0.9,1.0,661,0.9877458396369139,0.8465960665658094,0.14114977307110443
refcocoplus,owlv2,10,paired_complete_cases,coverage_aware_operational,0.0,0.1,10,0.0,0.1,-0.1
refcocoplus,owlv2,10,paired_complete_cases,coverage_aware_operational,0.1,0.2,9,0.1,0.2361111111111111,-0.1361111111111111
refcocoplus,owlv2,10,paired_complete_cases,coverage_aware_operational,0.2,0.3,17,0.2,0.3323529411764706,-0.13235294117647056
refcocoplus,owlv2,10,paired_complete_cases,coverage_aware_operational,0.3,0.4,47,0.3000000000000001,0.33058510638297867,-0.030585106382978566
refcocoplus,owlv2,10,paired_complete_cases,coverage_aware_operational,0.4,0.5,57,0.39999999999999997,0.45197368421052636,-0.051973684210526394
refcocoplus,owlv2,10,paired_complete_cases,coverage_aware_operational,0.5,0.6,79,0.5,0.5248417721518988,-0.024841772151898756
refcocoplus,owlv2,10,paired_complete_cases,coverage_aware_operational,0.6,0.7,63,0.6000000000000002,0.607936507936508,-0.007936507936507797
refcocoplus,owlv2,10,paired_complete_cases,coverage_aware_operational,0.7,0.8,97,0.7000000000000001,0.7278350515463915,-0.02783505154639143
refcocoplus,owlv2,10,paired_complete_cases,coverage_aware_operational,0.8,0.9,110,0.7999999999999998,0.795,0.004999999999999782
refcocoplus,owlv2,10,paired_complete_cases,coverage_aware_operational,0.9,1.0,476,0.967436974789916,0.9343224789915968,0.033114495798319155
refcocoplus,owlv2,20,paired_complete_cases,complete_case_persistence,0.0,0.1,6,0.016666666666666666,0.08958333333333333,-0.07291666666666667
refcocoplus,owlv2,20,paired_complete_cases,complete_case_persistence,0.1,0.2,6,0.14108187134502922,0.18541666666666667,-0.04433479532163745
refcocoplus,owlv2,20,paired_complete_cases,complete_case_persistence,0.2,0.3,11,0.24467362702656817,0.2693181818181818,-0.02464455479161362
refcocoplus,owlv2,20,paired_complete_cases,complete_case_persistence,0.3,0.4,22,0.3298826109391124,0.35056818181818183,-0.020685570879069415
refcocoplus,owlv2,20,paired_complete_cases,complete_case_persistence,0.4,0.5,20,0.43388136394908833,0.42000000000000004,0.013881363949088288
refcocoplus,owlv2,20,paired_complete_cases,complete_case_persistence,0.5,0.6,39,0.5469590537314994,0.47307692307692295,0.0738821306545765
refcocoplus,owlv2,20,paired_complete_cases,complete_case_persistence,0.6,0.7,44,0.6428895042865631,0.5400568181818182,0.10283268610474494
refcocoplus,owlv2,20,paired_complete_cases,complete_case_persistence,0.7,0.8,75,0.7383397732871417,0.6333333333333333,0.10500643995380843
refcocoplus,owlv2,20,paired_complete_cases,complete_case_persistence,0.8,0.9,108,0.8445351459638094,0.7417824074074074,0.10275273855640199
refcocoplus,owlv2,20,paired_complete_cases,complete_case_persistence,0.9,1.0,636,0.9853448427007048,0.8529088050314466,0.13243603766925816
refcocoplus,owlv2,20,paired_complete_cases,coverage_aware_operational,0.0,0.1,9,0.027777777777777776,0.09999999999999999,-0.07222222222222222
refcocoplus,owlv2,20,paired_complete_cases,coverage_aware_operational,0.1,0.2,14,0.13928571428571426,0.22232142857142856,-0.0830357142857143
refcocoplus,owlv2,20,paired_complete_cases,coverage_aware_operational,0.2,0.3,25,0.228,0.263,-0.035
refcocoplus,owlv2,20,paired_complete_cases,coverage_aware_operational,0.3,0.4,53,0.32547169811320764,0.3535377358490566,-0.02806603773584898
refcocoplus,owlv2,20,paired_complete_cases,coverage_aware_operational,0.4,0.5,57,0.4280701754385965,0.45263157894736844,-0.02456140350877195
refcocoplus,owlv2,20,paired_complete_cases,coverage_aware_operational,0.5,0.6,64,0.5257812499999999,0.5384765625,-0.012695312500000111
refcocoplus,owlv2,20,paired_complete_cases,coverage_aware_operational,0.6,0.7,82,0.6286585365853659,0.6326219512195123,-0.0039634146341464005
refcocoplus,owlv2,20,paired_complete_cases,coverage_aware_operational,0.7,0.8,91,0.7285714285714286,0.7306318681318681,-0.002060439560439442
refcocoplus,owlv2,20,paired_complete_cases,coverage_aware_operational,0.8,0.9,148,0.828716216216216,0.8271114864864865,0.0016047297297295815
refcocoplus,owlv2,20,paired_complete_cases,coverage_aware_operational,0.9,1.0,424,0.9669811320754716,0.949616745283019,0.01736438679245267
refcocoplus,owlv2,40,paired_complete_cases,complete_case_persistence,0.0,0.1,4,0.055837912087912084,0.06874999999999999,-0.012912087912087908
refcocoplus,owlv2,40,paired_complete_cases,complete_case_persistence,0.1,0.2,4,0.13493156618156618,0.1375,-0.0025684338184338296
refcocoplus,owlv2,40,paired_complete_cases,complete_case_persistence,0.2,0.3,15,0.25740837038097153,0.23333333333333334,0.024075037047638193
refcocoplus,owlv2,40,paired_complete_cases,complete_case_persistence,0.3,0.4,18,0.3423323007688332,0.32708333333333334,0.01524896743549986
refcocoplus,owlv2,40,paired_complete_cases,complete_case_persistence,0.4,0.5,22,0.45256993628704156,0.43749999999999994,0.015069936287041619
refcocoplus,owlv2,40,paired_complete_cases,complete_case_persistence,0.5,0.6,44,0.5430069509161062,0.45482954545454546,0.08817740546156072
refcocoplus,owlv2,40,paired_complete_cases,complete_case_persistence,0.6,0.7,43,0.6434406117564292,0.5200581395348838,0.12338247222154541
refcocoplus,owlv2,40,paired_complete_cases,complete_case_persistence,0.7,0.8,72,0.7417557716839531,0.6425347222222223,0.09922104946173083
refcocoplus,owlv2,40,paired_complete_cases,complete_case_persistence,0.8,0.9,127,0.851979818481139,0.7438976377952756,0.1080821806858634
refcocoplus,owlv2,40,paired_complete_cases,complete_case_persistence,0.9,1.0,619,0.9849782251657949,0.856603392568659,0.1283748325971359
refcocoplus,owlv2,40,paired_complete_cases,coverage_aware_operational,0.0,0.1,8,0.040625,0.0890625,-0.0484375
refcocoplus,owlv2,40,paired_complete_cases,coverage_aware_operational,0.1,0.2,10,0.13999999999999999,0.16624999999999998,-0.026249999999999996
refcocoplus,owlv2,40,paired_complete_cases,coverage_aware_operational,0.2,0.3,38,0.24013157894736836,0.25197368421052635,-0.011842105263157987
refcocoplus,owlv2,40,paired_complete_cases,coverage_aware_operational,0.3,0.4,37,0.33378378378378376,0.3472972972972973,-0.013513513513513542
refcocoplus,owlv2,40,paired_complete_cases,coverage_aware_operational,0.4,0.5,73,0.4390410958904109,0.4551369863013698,-0.01609589041095888
refcocoplus,owlv2,40,paired_complete_cases,coverage_aware_operational,0.5,0.6,64,0.5414062500000001,0.5470703124999999,-0.005664062499999845
refcocoplus,owlv2,40,paired_complete_cases,coverage_aware_operational,0.6,0.7,79,0.6386075949367087,0.6333860759493672,0.005221518987341467
refcocoplus,owlv2,40,paired_complete_cases,coverage_aware_operational,0.7,0.8,92,0.7396739130434782,0.7323369565217391,0.0073369565217390464
refcocoplus,owlv2,40,paired_complete_cases,coverage_aware_operational,0.8,0.9,171,0.8371345029239766,0.8350877192982457,0.0020467836257309635
refcocoplus,owlv2,40,paired_complete_cases,coverage_aware_operational,0.9,1.0,396,0.967550505050505,0.9594381313131313,0.008112373737373724
refcocoplus,yoloworld,5,paired_complete_cases,complete_case_persistence,0.0,0.1,8,0.0,0.1875,-0.1875
refcocoplus,yoloworld,5,paired_complete_cases,complete_case_persistence,0.2,0.3,18,0.21944444444444444,0.3888888888888889,-0.16944444444444445
refcocoplus,yoloworld,5,paired_complete_cases,complete_case_persistence,0.3,0.4,9,0.3333333333333333,0.39722222222222225,-0.06388888888888894
refcocoplus,yoloworld,5,paired_complete_cases,complete_case_persistence,0.4,0.5,19,0.4000000000000001,0.4598684210526316,-0.059868421052631515
refcocoplus,yoloworld,5,paired_complete_cases,complete_case_persistence,0.5,0.6,32,0.5,0.458203125,0.04179687500000001
refcocoplus,yoloworld,5,paired_complete_cases,complete_case_persistence,0.6,0.7,53,0.6238993710691825,0.5417452830188679,0.08215408805031454
refcocoplus,yoloworld,5,paired_complete_cases,complete_case_persistence,0.7,0.8,17,0.75,0.5779411764705883,0.1720588235294117
refcocoplus,yoloworld,5,paired_complete_cases,complete_case_persistence,0.8,0.9,61,0.7999999999999997,0.7852459016393442,0.014754098360655554
refcocoplus,yoloworld,5,paired_complete_cases,complete_case_persistence,0.9,1.0,532,1.0,0.7102443609022557,0.28975563909774427
refcocoplus,yoloworld,5,paired_complete_cases,coverage_aware_operational,0.0,0.1,8,0.0,0.1875,-0.1875
refcocoplus,yoloworld,5,paired_complete_cases,coverage_aware_operational,0.2,0.3,80,0.19999999999999998,0.3353125,-0.13531250000000003
refcocoplus,yoloworld,5,paired_complete_cases,coverage_aware_operational,0.4,0.5,150,0.3999999999999999,0.4489166666666667,-0.048916666666666775
refcocoplus,yoloworld,5,paired_complete_cases,coverage_aware_operational,0.6,0.7,145,0.6,0.5800862068965517,0.01991379310344832
refcocoplus,yoloworld,5,paired_complete_cases,coverage_aware_operational,0.8,0.9,139,0.7999999999999999,0.7652877697841727,0.034712230215827256
refcocoplus,yoloworld,5,paired_complete_cases,coverage_aware_operational,0.9,1.0,227,1.0,0.9410242290748899,0.05897577092511008
refcocoplus,yoloworld,10,paired_complete_cases,complete_case_persistence,0.0,0.1,1,0.0,0.075,-0.075
refcocoplus,yoloworld,10,paired_complete_cases,complete_case_persistence,0.1,0.2,2,0.15476190476190477,0.09375,0.06101190476190477
refcocoplus,yoloworld,10,paired_complete_cases,complete_case_persistence,0.2,0.3,5,0.23158730158730156,0.3275,-0.09591269841269845
refcocoplus,yoloworld,10,paired_complete_cases,complete_case_persistence,0.3,0.4,19,0.3258771929824561,0.3276315789473684,-0.0017543859649122862
refcocoplus,yoloworld,10,paired_complete_cases,complete_case_persistence,0.4,0.5,22,0.4167388167388168,0.3875,0.029238816738816786
refcocoplus,yoloworld,10,paired_complete_cases,complete_case_persistence,0.5,0.6,30,0.5267195767195767,0.4741666666666667,0.05255291005291002
refcocoplus,yoloworld,10,paired_complete_cases,complete_case_persistence,0.6,0.7,44,0.6310606060606061,0.4977272727272728,0.1333333333333333
refcocoplus,yoloworld,10,paired_complete_cases,complete_case_persistence,0.7,0.8,51,0.7285869903516963,0.5936274509803922,0.13495953937130412
refcocoplus,yoloworld,10,paired_complete_cases,complete_case_persistence,0.8,0.9,58,0.8332443897099068,0.6689655172413793,0.16427887246852746
refcocoplus,yoloworld,10,paired_complete_cases,complete_case_persistence,0.9,1.0,523,0.9923518164435946,0.7259560229445505,0.2663957934990441
refcocoplus,yoloworld,10,paired_complete_cases,coverage_aware_operational,0.0,0.1,1,0.0,0.075,-0.075
refcocoplus,yoloworld,10,paired_complete_cases,coverage_aware_operational,0.1,0.2,17,0.1,0.17941176470588235,-0.07941176470588235
refcocoplus,yoloworld,10,paired_complete_cases,coverage_aware_operational,0.2,0.3,38,0.20000000000000004,0.29868421052631583,-0.09868421052631579
refcocoplus,yoloworld,10,paired_complete_cases,coverage_aware_operational,0.3,0.4,58,0.30000000000000004,0.3594827586206897,-0.059482758620689635
refcocoplus,yoloworld,10,paired_complete_cases,coverage_aware_operational,0.4,0.5,78,0.39999999999999986,0.42019230769230775,-0.020192307692307898
refcocoplus,yoloworld,10,paired_complete_cases,coverage_aware_operational,0.5,0.6,85,0.5,0.5139705882352941,-0.013970588235294068
refcocoplus,yoloworld,10,paired_complete_cases,coverage_aware_operational,0.6,0.7,81,0.6,0.5841049382716049,0.015895061728395055
refcocoplus,yoloworld,10,paired_complete_cases,coverage_aware_operational,0.7,0.8,76,0.7000000000000002,0.6741776315789473,0.0258223684210529
refcocoplus,yoloworld,10,paired_complete_cases,coverage_aware_operational,0.8,0.9,69,0.7999999999999997,0.7715579710144929,0.02844202898550685
refcocoplus,yoloworld,10,paired_complete_cases,coverage_aware_operational,0.9,1.0,252,0.9690476190476192,0.9442460317460317,0.024801587301587436
refcocoplus,yoloworld,20,paired_complete_cases,complete_case_persistence,0.0,0.1,3,0.055944055944055944,0.08750000000000001,-0.031555944055944064
refcocoplus,yoloworld,20,paired_complete_cases,complete_case_persistence,0.2,0.3,7,0.23637770897832816,0.23749999999999996,-0.0011222910216718007
refcocoplus,yoloworld,20,paired_complete_cases,complete_case_persistence,0.3,0.4,13,0.34453705908814264,0.33557692307692305,0.008960136011219588
refcocoplus,yoloworld,20,paired_complete_cases,complete_case_persistence,0.4,0.5,21,0.43950148435442554,0.38928571428571435,0.050215770068711196
refcocoplus,yoloworld,20,paired_complete_cases,complete_case_persistence,0.5,0.6,32,0.5389481100684661,0.43515625,0.10379186006846608
refcocoplus,yoloworld,20,paired_complete_cases,complete_case_persistence,0.6,0.7,46,0.6408350849207627,0.5494565217391305,0.09137856318163218
refcocoplus,yoloworld,20,paired_complete_cases,complete_case_persistence,0.7,0.8,52,0.7421001850151647,0.5697115384615384,0.1723886465536263
refcocoplus,yoloworld,20,paired_complete_cases,complete_case_persistence,0.8,0.9,74,0.8440009075844987,0.6503378378378378,0.19366306974666092
refcocoplus,yoloworld,20,paired_complete_cases,complete_case_persistence,0.9,1.0,508,0.9899783863181422,0.7287893700787402,0.26118901623940194
refcocoplus,yoloworld,20,paired_complete_cases,coverage_aware_operational,0.0,0.1,5,0.04,0.10499999999999998,-0.06499999999999997
refcocoplus,yoloworld,20,paired_complete_cases,coverage_aware_operational,0.1,0.2,14,0.13928571428571426,0.1794642857142857,-0.040178571428571425
refcocoplus,yoloworld,20,paired_complete_cases,coverage_aware_operational,0.2,0.3,38,0.225,0.2569078947368421,-0.03190789473684211
refcocoplus,yoloworld,20,paired_complete_cases,coverage_aware_operational,0.3,0.4,72,0.3277777777777777,0.359201388888889,-0.03142361111111125
refcocoplus,yoloworld,20,paired_complete_cases,coverage_aware_operational,0.4,0.5,80,0.4225,0.4425,-0.020000000000000018
refcocoplus,yoloworld,20,paired_complete_cases,coverage_aware_operational,0.5,0.6,84,0.5238095238095237,0.5221726190476191,0.0016369047619045896
refcocoplus,yoloworld,20,paired_complete_cases,coverage_aware_operational,0.6,0.7,96,0.6244791666666666,0.6096354166666667,0.014843749999999933
refcocoplus,yoloworld,20,paired_complete_cases,coverage_aware_operational,0.7,0.8,68,0.722794117647059,0.7113970588235293,0.011397058823529704
refcocoplus,yoloworld,20,paired_complete_cases,coverage_aware_operational,0.8,0.9,70,0.8285714285714286,0.8167857142857142,0.0117857142857144
refcocoplus,yoloworld,20,paired_complete_cases,coverage_aware_operational,0.9,1.0,229,0.9740174672489084,0.9591157205240173,0.014901746724891085
refcocoplus,yoloworld,40,paired_complete_cases,complete_case_persistence,0.0,0.1,2,0.08095238095238094,0.09375,-0.012797619047619058
refcocoplus,yoloworld,40,paired_complete_cases,complete_case_persistence,0.1,0.2,3,0.15723443223443223,0.12083333333333333,0.0364010989010989
refcocoplus,yoloworld,40,paired_complete_cases,complete_case_persistence,0.2,0.3,5,0.2754761904761905,0.27,0.005476190476190468
refcocoplus,yoloworld,40,paired_complete_cases,complete_case_persistence,0.3,0.4,12,0.3480782175780761,0.3197916666666667,0.028286550911409414
refcocoplus,yoloworld,40,paired_complete_cases,complete_case_persistence,0.4,0.5,20,0.4436714802739144,0.406875,0.03679648027391441
refcocoplus,yoloworld,40,paired_complete_cases,complete_case_persistence,0.5,0.6,27,0.5354669076147218,0.4226851851851852,0.1127817224295366
refcocoplus,yoloworld,40,paired_complete_cases,complete_case_persistence,0.6,0.7,55,0.6449703199726479,0.5161363636363637,0.12883395633628414
refcocoplus,yoloworld,40,paired_complete_cases,complete_case_persistence,0.7,0.8,62,0.7484238492179236,0.5701612903225806,0.17826255889534304
refcocoplus,yoloworld,40,paired_complete_cases,complete_case_persistence,0.8,0.9,69,0.8520340546201796,0.6704710144927536,0.18156304012742597
refcocoplus,yoloworld,40,paired_complete_cases,complete_case_persistence,0.9,1.0,502,0.9884887465743898,0.730054780876494,0.2584339656978958
refcocoplus,yoloworld,40,paired_complete_cases,coverage_aware_operational,0.0,0.1,5,0.06,0.1025,-0.042499999999999996
refcocoplus,yoloworld,40,paired_complete_cases,coverage_aware_operational,0.1,0.2,19,0.14605263157894735,0.18815789473684208,-0.04210526315789473
refcocoplus,yoloworld,40,paired_complete_cases,coverage_aware_operational,0.2,0.3,36,0.24305555555555555,0.24583333333333332,-0.002777777777777768
refcocoplus,yoloworld,40,paired_complete_cases,coverage_aware_operational,0.3,0.4,73,0.3424657534246575,0.3589041095890411,-0.016438356164383605
refcocoplus,yoloworld,40,paired_complete_cases,coverage_aware_operational,0.4,0.5,90,0.4433333333333333,0.44500000000000006,-0.0016666666666667607
refcocoplus,yoloworld,40,paired_complete_cases,coverage_aware_operational,0.5,0.6,91,0.5376373626373627,0.539423076923077,-0.0017857142857142794
refcocoplus,yoloworld,40,paired_complete_cases,coverage_aware_operational,0.6,0.7,85,0.6347058823529412,0.6233823529411764,0.011323529411764843
refcocoplus,yoloworld,40,paired_complete_cases,coverage_aware_operational,0.7,0.8,68,0.7386029411764705,0.7325367647058822,0.006066176470588269
refcocoplus,yoloworld,40,paired_complete_cases,coverage_aware_operational,0.8,0.9,73,0.8414383561643836,0.8376712328767122,0.00376712328767137
refcocoplus,yoloworld,40,paired_complete_cases,coverage_aware_operational,0.9,1.0,217,0.9746543778801844,0.9656682027649769,0.008986175115207495
refl4,groundingdino,5,paired_complete_cases,complete_case_persistence,0.0,0.1,6,0.0,0.25625000000000003,-0.25625000000000003
refl4,groundingdino,5,paired_complete_cases,complete_case_persistence,0.2,0.3,15,0.21666666666666673,0.41666666666666663,-0.1999999999999999
refl4,groundingdino,5,paired_complete_cases,complete_case_persistence,0.3,0.4,5,0.3333333333333333,0.38999999999999996,-0.05666666666666664
refl4,groundingdino,5,paired_complete_cases,complete_case_persistence,0.4,0.5,46,0.3999999999999998,0.4665760869565217,-0.0665760869565219
refl4,groundingdino,5,paired_complete_cases,complete_case_persistence,0.5,0.6,8,0.5,0.621875,-0.12187499999999996
refl4,groundingdino,5,paired_complete_cases,complete_case_persistence,0.6,0.7,85,0.6031372549019608,0.6445588235294117,-0.041421568627450944
refl4,groundingdino,5,paired_complete_cases,complete_case_persistence,0.7,0.8,12,0.75,0.6885416666666666,0.06145833333333339
refl4,groundingdino,5,paired_complete_cases,complete_case_persistence,0.8,0.9,127,0.7999999999999999,0.8010826771653543,-0.0010826771653543732
refl4,groundingdino,5,paired_complete_cases,complete_case_persistence,0.9,1.0,695,1.0,0.9628237410071941,0.037176258992805855
refl4,groundingdino,5,paired_complete_cases,coverage_aware_operational,0.0,0.1,6,0.0,0.25625000000000003,-0.25625000000000003
refl4,groundingdino,5,paired_complete_cases,coverage_aware_operational,0.2,0.3,21,0.20000000000000004,0.4107142857142857,-0.21071428571428566
refl4,groundingdino,5,paired_complete_cases,coverage_aware_operational,0.4,0.5,58,0.3999999999999999,0.4892241379310345,-0.08922413793103456
refl4,groundingdino,5,paired_complete_cases,coverage_aware_operational,0.6,0.7,101,0.6,0.6628712871287128,-0.06287128712871282
refl4,groundingdino,5,paired_complete_cases,coverage_aware_operational,0.8,0.9,178,0.7999999999999998,0.817064606741573,-0.017064606741573174
refl4,groundingdino,5,paired_complete_cases,coverage_aware_operational,0.9,1.0,635,1.0,0.9751181102362205,0.024881889763779474
refl4,groundingdino,10,paired_complete_cases,complete_case_persistence,0.0,0.1,2,0.0,0.11875000000000001,-0.11875000000000001
refl4,groundingdino,10,paired_complete_cases,complete_case_persistence,0.1,0.2,4,0.12916666666666665,0.303125,-0.17395833333333333
refl4,groundingdino,10,paired_complete_cases,complete_case_persistence,0.2,0.3,2,0.2,0.375,-0.175
refl4,groundingdino,10,paired_complete_cases,complete_case_persistence,0.3,0.4,18,0.3162037037037037,0.3625,-0.04629629629629628
refl4,groundingdino,10,paired_complete_cases,complete_case_persistence,0.4,0.5,25,0.4040634920634921,0.4585,-0.054436507936507894
refl4,groundingdino,10,paired_complete_cases,complete_case_persistence,0.5,0.6,35,0.5192743764172335,0.49071428571428566,0.02856009070294785
refl4,groundingdino,10,paired_complete_cases,complete_case_persistence,0.6,0.7,40,0.6133333333333333,0.625,-0.011666666666666714
refl4,groundingdino,10,paired_complete_cases,complete_case_persistence,0.7,0.8,67,0.7143923240938167,0.6942164179104477,0.020175906183368952
refl4,groundingdino,10,paired_complete_cases,complete_case_persistence,0.8,0.9,87,0.8170224411603719,0.7979885057471264,0.019033935413245495
refl4,groundingdino,10,paired_complete_cases,complete_case_persistence,0.9,1.0,719,0.988317107093185,0.9622044506258693,0.026112656467315642
refl4,groundingdino,10,paired_complete_cases,coverage_aware_operational,0.0,0.1,2,0.0,0.11875000000000001,-0.11875000000000001
refl4,groundingdino,10,paired_complete_cases,coverage_aware_operational,0.1,0.2,4,0.1,0.303125,-0.20312499999999997
refl4,groundingdino,10,paired_complete_cases,coverage_aware_operational,0.2,0.3,3,0.20000000000000004,0.3416666666666666,-0.14166666666666658
refl4,groundingdino,10,paired_complete_cases,coverage_aware_operational,0.3,0.4,21,0.29999999999999993,0.35892857142857143,-0.0589285714285715
refl4,groundingdino,10,paired_complete_cases,coverage_aware_operational,0.4,0.5,31,0.40000000000000013,0.47903225806451616,-0.07903225806451603
refl4,groundingdino,10,paired_complete_cases,coverage_aware_operational,0.5,0.6,30,0.5,0.49666666666666676,0.0033333333333332438
refl4,groundingdino,10,paired_complete_cases,coverage_aware_operational,0.6,0.7,47,0.6000000000000002,0.6311170212765959,-0.031117021276595658
refl4,groundingdino,10,paired_complete_cases,coverage_aware_operational,0.7,0.8,75,0.7000000000000002,0.7146666666666667,-0.014666666666666495
refl4,groundingdino,10,paired_complete_cases,coverage_aware_operational,0.8,0.9,99,0.7999999999999999,0.8172979797979797,-0.017297979797979757
refl4,groundingdino,10,paired_complete_cases,coverage_aware_operational,0.9,1.0,687,0.9831149927219798,0.9697052401746725,0.013409752547307252
refl4,groundingdino,20,paired_complete_cases,complete_case_persistence,0.0,0.1,2,0.0,0.11875000000000001,-0.11875000000000001
refl4,groundingdino,20,paired_complete_cases,complete_case_persistence,0.1,0.2,2,0.17708333333333331,0.20625,-0.029166666666666674
refl4,groundingdino,20,paired_complete_cases,complete_case_persistence,0.2,0.3,7,0.25151339888181995,0.30357142857142866,-0.05205802968960871
refl4,groundingdino,20,paired_complete_cases,complete_case_persistence,0.3,0.4,10,0.3238721804511278,0.40374999999999994,-0.07987781954887213
refl4,groundingdino,20,paired_complete_cases,complete_case_persistence,0.4,0.5,43,0.42359681122551013,0.44796511627906976,-0.024368305053559636
refl4,groundingdino,20,paired_complete_cases,complete_case_persistence,0.5,0.6,25,0.5269239766081871,0.49449999999999994,0.03242397660818719
refl4,groundingdino,20,paired_complete_cases,complete_case_persistence,0.6,0.7,47,0.6406997233383834,0.5936170212765958,0.04708270206178766
refl4,groundingdino,20,paired_complete_cases,complete_case_persistence,0.7,0.8,63,0.73244549281701,0.7174603174603175,0.014985175356692526
refl4,groundingdino,20,paired_complete_cases,complete_case_persistence,0.8,0.9,91,0.8333188268559782,0.8093406593406592,0.023978167515319004
refl4,groundingdino,20,paired_complete_cases,complete_case_persistence,0.9,1.0,710,0.9875067902017604,0.9649647887323943,0.022542001469366024
refl4,groundingdino,20,paired_complete_cases,coverage_aware_operational,0.0,0.1,2,0.0,0.11875000000000001,-0.11875000000000001
refl4,groundingdino,20,paired_complete_cases,coverage_aware_operational,0.1,0.2,4,0.15,0.25,-0.1
refl4,groundingdino,20,paired_complete_cases,coverage_aware_operational,0.2,0.3,8,0.24375,0.3109375,-0.06718749999999998
refl4,groundingdino,20,paired_complete_cases,coverage_aware_operational,0.3,0.4,13,0.3230769230769231,0.3865384615384615,-0.0634615384615384
refl4,groundingdino,20,paired_complete_cases,coverage_aware_operational,0.4,0.5,43,0.4174418604651163,0.45552325581395353,-0.038081395348837255
refl4,groundingdino,20,paired_complete_cases,coverage_aware_operational,0.5,0.6,34,0.525,0.5077205882352941,0.017279411764705932
refl4,groundingdino,20,paired_complete_cases,coverage_aware_operational,0.6,0.7,48,0.6281249999999999,0.6294270833333333,-0.0013020833333333703
refl4,groundingdino,20,paired_complete_cases,coverage_aware_operational,0.7,0.8,71,0.7232394366197185,0.7434859154929577,-0.02024647887323927
refl4,groundingdino,20,paired_complete_cases,coverage_aware_operational,0.8,0.9,108,0.8249999999999997,0.8203703703703703,0.004629629629629428
refl4,groundingdino,20,paired_complete_cases,coverage_aware_operational,0.9,1.0,669,0.9829596412556054,0.9762518684603886,0.0067077727952168376
refl4,groundingdino,40,paired_complete_cases,complete_case_persistence,0.0,0.1,1,0.027777777777777776,0.0375,-0.009722222222222222
refl4,groundingdino,40,paired_complete_cases,complete_case_persistence,0.1,0.2,2,0.175,0.25,-0.07500000000000001
refl4,groundingdino,40,paired_complete_cases,complete_case_persistence,0.2,0.3,8,0.2423065936901076,0.265625,-0.023318406309892403
refl4,groundingdino,40,paired_complete_cases,complete_case_persistence,0.3,0.4,13,0.35425778674766534,0.3528846153846154,0.0013731713630499298
refl4,groundingdino,40,paired_complete_cases,complete_case_persistence,0.4,0.5,38,0.43997415160766284,0.4427631578947369,-0.0027890062870740695
refl4,groundingdino,40,paired_complete_cases,complete_case_persistence,0.5,0.6,39,0.543016438967856,0.5381410256410255,0.004875413326830502
refl4,groundingdino,40,paired_complete_cases,complete_case_persistence,0.6,0.7,40,0.6438969101469102,0.6200000000000001,0.02389691014691009
refl4,groundingdino,40,paired_complete_cases,complete_case_persistence,0.7,0.8,61,0.7414634534200251,0.6993852459016392,0.04207820751838587
refl4,groundingdino,40,paired_complete_cases,complete_case_persistence,0.8,0.9,100,0.8424442179651157,0.826875,0.015569217965115678
refl4,groundingdino,40,paired_complete_cases,complete_case_persistence,0.9,1.0,698,0.9870846640034034,0.9671919770773639,0.019892686926039516
refl4,groundingdino,40,paired_complete_cases,coverage_aware_operational,0.0,0.1,1,0.025,0.0375,-0.012499999999999997
refl4,groundingdino,40,paired_complete_cases,coverage_aware_operational,0.1,0.2,3,0.17499999999999996,0.25416666666666665,-0.07916666666666669
refl4,groundingdino,40,paired_complete_cases,coverage_aware_operational,0.2,0.3,10,0.24,0.2725,-0.03250000000000003
refl4,groundingdino,40,paired_complete_cases,coverage_aware_operational,0.3,0.4,16,0.346875,0.3609375,-0.014062500000000033
refl4,groundingdino,40,paired_complete_cases,coverage_aware_operational,0.4,0.5,43,0.4372093023255813,0.44767441860465124,-0.01046511627906993
refl4,groundingdino,40,paired_complete_cases,coverage_aware_operational,0.5,0.6,40,0.541875,0.5493750000000001,-0.007500000000000062
refl4,groundingdino,40,paired_complete_cases,coverage_aware_operational,0.6,0.7,51,0.6372549019607843,0.6497549019607843,-0.012500000000000067
refl4,groundingdino,40,paired_complete_cases,coverage_aware_operational,0.7,0.8,75,0.7446666666666668,0.7441666666666666,0.000500000000000167
refl4,groundingdino,40,paired_complete_cases,coverage_aware_operational,0.8,0.9,108,0.8388888888888888,0.8467592592592593,-0.007870370370370527
refl4,groundingdino,40,paired_complete_cases,coverage_aware_operational,0.9,1.0,653,0.9830398162327717,0.9791539050535989,0.0038859111791728074
refl4,owlv2,5,paired_complete_cases,complete_case_persistence,0.0,0.1,20,0.0,0.23374999999999999,-0.23374999999999999
refl4,owlv2,5,paired_complete_cases,complete_case_persistence,0.2,0.3,22,0.21818181818181823,0.2948863636363636,-0.07670454545454539
refl4,owlv2,5,paired_complete_cases,complete_case_persistence,0.3,0.4,12,0.3333333333333333,0.35624999999999996,-0.02291666666666664
refl4,owlv2,5,paired_complete_cases,complete_case_persistence,0.4,0.5,39,0.4000000000000001,0.45512820512820523,-0.055128205128205154
refl4,owlv2,5,paired_complete_cases,complete_case_persistence,0.5,0.6,34,0.5,0.3613970588235294,0.1386029411764706
refl4,owlv2,5,paired_complete_cases,complete_case_persistence,0.6,0.7,80,0.6149999999999999,0.6040625000000001,0.010937499999999822
refl4,owlv2,5,paired_complete_cases,complete_case_persistence,0.7,0.8,29,0.75,0.6758620689655173,0.07413793103448274
refl4,owlv2,5,paired_complete_cases,complete_case_persistence,0.8,0.9,104,0.8,0.7722355769230769,0.027764423076923173
refl4,owlv2,5,paired_complete_cases,complete_case_persistence,0.9,1.0,651,1.0,0.8789938556067587,0.12100614439324131
refl4,owlv2,5,paired_complete_cases,coverage_aware_operational,0.0,0.1,20,0.0,0.23374999999999999,-0.23374999999999999
refl4,owlv2,5,paired_complete_cases,coverage_aware_operational,0.2,0.3,56,0.19999999999999998,0.328125,-0.12812500000000002
refl4,owlv2,5,paired_complete_cases,coverage_aware_operational,0.4,0.5,102,0.3999999999999999,0.453921568627451,-0.053921568627451066
refl4,owlv2,5,paired_complete_cases,coverage_aware_operational,0.6,0.7,130,0.6,0.6322115384615384,-0.03221153846153846
refl4,owlv2,5,paired_complete_cases,coverage_aware_operational,0.8,0.9,230,0.8,0.8074456521739131,-0.00744565217391302
refl4,owlv2,5,paired_complete_cases,coverage_aware_operational,0.9,1.0,453,1.0,0.9463300220750552,0.05366997792494477
refl4,owlv2,10,paired_complete_cases,complete_case_persistence,0.0,0.1,5,0.0,0.21000000000000002,-0.21000000000000002
refl4,owlv2,10,paired_complete_cases,complete_case_persistence,0.1,0.2,6,0.1349206349206349,0.24791666666666667,-0.11299603174603176
refl4,owlv2,10,paired_complete_cases,complete_case_persistence,0.2,0.3,18,0.2292768959435626,0.24374999999999997,-0.01447310405643737
refl4,owlv2,10,paired_complete_cases,complete_case_persistence,0.3,0.4,31,0.3228494623655915,0.30685483870967734,0.015994623655914142
refl4,owlv2,10,paired_complete_cases,complete_case_persistence,0.4,0.5,26,0.4136752136752137,0.4346153846153846,-0.02094017094017092
refl4,owlv2,10,paired_complete_cases,complete_case_persistence,0.5,0.6,47,0.5143532590341101,0.4438829787234041,0.07047028031070601
refl4,owlv2,10,paired_complete_cases,complete_case_persistence,0.6,0.7,42,0.6206349206349207,0.5288690476190476,0.09176587301587302
refl4,owlv2,10,paired_complete_cases,complete_case_persistence,0.7,0.8,75,0.7274497354497356,0.6421666666666667,0.0852830687830689
refl4,owlv2,10,paired_complete_cases,complete_case_persistence,0.8,0.9,103,0.8378833410386807,0.7442961165048545,0.09358722453382617
refl4,owlv2,10,paired_complete_cases,complete_case_persistence,0.9,1.0,643,0.9894245723172629,0.8892884914463453,0.10013608087091763
refl4,owlv2,10,paired_complete_cases,coverage_aware_operational,0.0,0.1,5,0.0,0.21000000000000002,-0.21000000000000002
refl4,owlv2,10,paired_complete_cases,coverage_aware_operational,0.1,0.2,15,0.10000000000000003,0.21000000000000002,-0.10999999999999999
refl4,owlv2,10,paired_complete_cases,coverage_aware_operational,0.2,0.3,31,0.20000000000000007,0.2725806451612904,-0.07258064516129031
refl4,owlv2,10,paired_complete_cases,coverage_aware_operational,0.3,0.4,45,0.3000000000000001,0.32694444444444437,-0.02694444444444427
refl4,owlv2,10,paired_complete_cases,coverage_aware_operational,0.4,0.5,49,0.39999999999999997,0.4346938775510204,-0.034693877551020436
refl4,owlv2,10,paired_complete_cases,coverage_aware_operational,0.5,0.6,67,0.5,0.528544776119403,-0.02854477611940298
refl4,owlv2,10,paired_complete_cases,coverage_aware_operational,0.6,0.7,58,0.6000000000000001,0.6105603448275863,-0.010560344827586166
refl4,owlv2,10,paired_complete_cases,coverage_aware_operational,0.7,0.8,78,0.7000000000000003,0.7144230769230768,-0.014423076923076539
refl4,owlv2,10,paired_complete_cases,coverage_aware_operational,0.8,0.9,126,0.7999999999999999,0.7966269841269841,0.003373015873015861
refl4,owlv2,10,paired_complete_cases,coverage_aware_operational,0.9,1.0,522,0.967241379310345,0.942265325670498,0.024976053639847007
refl4,owlv2,20,paired_complete_cases,complete_case_persistence,0.0,0.1,4,0.07057005494505494,0.15625,-0.08567994505494506
refl4,owlv2,20,paired_complete_cases,complete_case_persistence,0.1,0.2,6,0.14620374465575703,0.17500000000000002,-0.028796255344242988
refl4,owlv2,20,paired_complete_cases,complete_case_persistence,0.2,0.3,24,0.26029826010476165,0.2520833333333333,0.008214926771428321
refl4,owlv2,20,paired_complete_cases,complete_case_persistence,0.3,0.4,20,0.32472934787950264,0.32062500000000005,0.00410434787950259
refl4,owlv2,20,paired_complete_cases,complete_case_persistence,0.4,0.5,34,0.4340660382991015,0.36580882352941174,0.06825721476968977
refl4,owlv2,20,paired_complete_cases,complete_case_persistence,0.5,0.6,48,0.5345986672999056,0.4700520833333333,0.06454658396657226
refl4,owlv2,20,paired_complete_cases,complete_case_persistence,0.6,0.7,55,0.6391672434579837,0.5409090909090909,0.09825815254889281
refl4,owlv2,20,paired_complete_cases,complete_case_persistence,0.7,0.8,72,0.7411780218023769,0.6921875,0.04899052180237695
refl4,owlv2,20,paired_complete_cases,complete_case_persistence,0.8,0.9,115,0.8494540466114701,0.7280434782608697,0.12141056835060038
refl4,owlv2,20,paired_complete_cases,complete_case_persistence,0.9,1.0,620,0.9881599432032617,0.8955443548387098,0.09261558836455197
refl4,owlv2,20,paired_complete_cases,coverage_aware_operational,0.0,0.1,7,0.049999999999999996,0.14107142857142857,-0.09107142857142858
refl4,owlv2,20,paired_complete_cases,coverage_aware_operational,0.1,0.2,11,0.1272727272727273,0.18295454545454548,-0.05568181818181819
refl4,owlv2,20,paired_complete_cases,coverage_aware_operational,0.2,0.3,39,0.23076923076923078,0.2522435897435897,-0.021474358974358898
refl4,owlv2,20,paired_complete_cases,coverage_aware_operational,0.3,0.4,46,0.31847826086956527,0.321195652173913,-0.002717391304347727
refl4,owlv2,20,paired_complete_cases,coverage_aware_operational,0.4,0.5,54,0.4249999999999999,0.45694444444444443,-0.03194444444444455
refl4,owlv2,20,paired_complete_cases,coverage_aware_operational,0.5,0.6,69,0.5297101449275362,0.5418478260869566,-0.012137681159420377
refl4,owlv2,20,paired_complete_cases,coverage_aware_operational,0.6,0.7,69,0.6260869565217393,0.6389492753623189,-0.012862318840579645
refl4,owlv2,20,paired_complete_cases,coverage_aware_operational,0.7,0.8,96,0.7286458333333335,0.7218749999999998,0.006770833333333726
refl4,owlv2,20,paired_complete_cases,coverage_aware_operational,0.8,0.9,126,0.8285714285714283,0.8363095238095238,-0.007738095238095544
refl4,owlv2,20,paired_complete_cases,coverage_aware_operational,0.9,1.0,481,0.9715176715176714,0.9547817047817048,0.016735966735966668
refl4,owlv2,40,paired_complete_cases,complete_case_persistence,0.0,0.1,1,0.07407407407407407,0.1,-0.025925925925925936
refl4,owlv2,40,paired_complete_cases,complete_case_persistence,0.1,0.2,9,0.1548608039707111,0.16527777777777777,-0.010416973807066687
refl4,owlv2,40,paired_complete_cases,complete_case_persistence,0.2,0.3,17,0.2431756841810537,0.21029411764705883,0.03288156653399488
refl4,owlv2,40,paired_complete_cases,complete_case_persistence,0.3,0.4,33,0.3357879483178741,0.28750000000000003,0.048287948317874085
refl4,owlv2,40,paired_complete_cases,complete_case_persistence,0.4,0.5,34,0.4440689662560302,0.3819852941176471,0.06208367213838312
refl4,owlv2,40,paired_complete_cases,complete_case_persistence,0.5,0.6,40,0.5418456638618661,0.46906250000000005,0.07278316386186601
refl4,owlv2,40,paired_complete_cases,complete_case_persistence,0.6,0.7,63,0.6475841775974926,0.5785714285714286,0.06901274902606402
refl4,owlv2,40,paired_complete_cases,complete_case_persistence,0.7,0.8,74,0.7440382680838834,0.652195945945946,0.09184232213793742
refl4,owlv2,40,paired_complete_cases,complete_case_persistence,0.8,0.9,101,0.8494743593397321,0.7436881188118811,0.10578624052785102
refl4,owlv2,40,paired_complete_cases,complete_case_persistence,0.9,1.0,626,0.9851983618680749,0.8969049520766773,0.08829340979139755
refl4,owlv2,40,paired_complete_cases,coverage_aware_operational,0.0,0.1,6,0.05416666666666667,0.09375,-0.03958333333333333
refl4,owlv2,40,paired_complete_cases,coverage_aware_operational,0.1,0.2,18,0.1486111111111111,0.175,-0.02638888888888888
refl4,owlv2,40,paired_complete_cases,coverage_aware_operational,0.2,0.3,31,0.23145161290322583,0.23346774193548386,-0.002016129032258035
refl4,owlv2,40,paired_complete_cases,coverage_aware_operational,0.3,0.4,53,0.33160377358490567,0.3417452830188679,-0.010141509433962248
refl4,owlv2,40,paired_complete_cases,coverage_aware_operational,0.4,0.5,55,0.43863636363636366,0.44636363636363624,-0.007727272727272583
refl4,owlv2,40,paired_complete_cases,coverage_aware_operational,0.5,0.6,63,0.5388888888888889,0.5545634920634922,-0.01567460317460334
refl4,owlv2,40,paired_complete_cases,coverage_aware_operational,0.6,0.7,80,0.634375,0.6381249999999999,-0.00374999999999992
refl4,owlv2,40,paired_complete_cases,coverage_aware_operational,0.7,0.8,96,0.73828125,0.7427083333333334,-0.004427083333333415
refl4,owlv2,40,paired_complete_cases,coverage_aware_operational,0.8,0.9,136,0.8391544117647057,0.8409926470588235,-0.0018382352941177516
refl4,owlv2,40,paired_complete_cases,coverage_aware_operational,0.9,1.0,460,0.9708695652173913,0.9617663043478262,0.009103260869565144
refl4,yoloworld,5,paired_complete_cases,complete_case_persistence,0.0,0.1,9,0.0,0.28055555555555556,-0.28055555555555556
refl4,yoloworld,5,paired_complete_cases,complete_case_persistence,0.2,0.3,14,0.2285714285714286,0.3723214285714285,-0.14374999999999993
refl4,yoloworld,5,paired_complete_cases,complete_case_persistence,0.3,0.4,8,0.3333333333333333,0.3515625,-0.018229166666666685
refl4,yoloworld,5,paired_complete_cases,complete_case_persistence,0.4,0.5,15,0.40000000000000013,0.43833333333333335,-0.03833333333333322
refl4,yoloworld,5,paired_complete_cases,complete_case_persistence,0.5,0.6,29,0.5,0.4193965517241379,0.08060344827586208
refl4,yoloworld,5,paired_complete_cases,complete_case_persistence,0.6,0.7,64,0.625,0.5349609375000001,0.09003906249999993
refl4,yoloworld,5,paired_complete_cases,complete_case_persistence,0.7,0.8,29,0.75,0.5866379310344828,0.1633620689655172
refl4,yoloworld,5,paired_complete_cases,complete_case_persistence,0.8,0.9,55,0.7999999999999996,0.8099999999999998,-0.010000000000000231
refl4,yoloworld,5,paired_complete_cases,complete_case_persistence,0.9,1.0,551,1.0,0.7429219600725954,0.25707803992740463
refl4,yoloworld,5,paired_complete_cases,coverage_aware_operational,0.0,0.1,9,0.0,0.28055555555555556,-0.28055555555555556
refl4,yoloworld,5,paired_complete_cases,coverage_aware_operational,0.2,0.3,68,0.19999999999999996,0.33823529411764713,-0.13823529411764718
refl4,yoloworld,5,paired_complete_cases,coverage_aware_operational,0.4,0.5,132,0.3999999999999999,0.4403409090909091,-0.040340909090909205
refl4,yoloworld,5,paired_complete_cases,coverage_aware_operational,0.6,0.7,160,0.5999999999999999,0.5860937500000001,0.013906249999999787
refl4,yoloworld,5,paired_complete_cases,coverage_aware_operational,0.8,0.9,161,0.7999999999999999,0.7937111801242237,0.00628881987577623
refl4,yoloworld,5,paired_complete_cases,coverage_aware_operational,0.9,1.0,244,1.0,0.9394467213114756,0.06055327868852445
refl4,yoloworld,10,paired_complete_cases,complete_case_persistence,0.0,0.1,1,0.0,0.3625,-0.3625
refl4,yoloworld,10,paired_complete_cases,complete_case_persistence,0.1,0.2,4,0.11527777777777778,0.215625,-0.10034722222222223
refl4,yoloworld,10,paired_complete_cases,complete_case_persistence,0.2,0.3,11,0.2357864357864358,0.2988636363636364,-0.06307720057720059
refl4,yoloworld,10,paired_complete_cases,complete_case_persistence,0.3,0.4,14,0.33214285714285713,0.33392857142857135,-0.0017857142857142239
refl4,yoloworld,10,paired_complete_cases,complete_case_persistence,0.4,0.5,14,0.40839002267573704,0.39821428571428574,0.010175736961451298
refl4,yoloworld,10,paired_complete_cases,complete_case_persistence,0.5,0.6,37,0.5186615186615188,0.4608108108108107,0.05785070785070806
refl4,yoloworld,10,paired_complete_cases,complete_case_persistence,0.6,0.7,38,0.6320175438596491,0.5128289473684211,0.11918859649122804
refl4,yoloworld,10,paired_complete_cases,complete_case_persistence,0.7,0.8,48,0.7379133597883598,0.5817708333333332,0.15614252645502658
refl4,yoloworld,10,paired_complete_cases,complete_case_persistence,0.8,0.9,66,0.8330086580086579,0.6757575757575757,0.1572510822510822
refl4,yoloworld,10,paired_complete_cases,complete_case_persistence,0.9,1.0,546,0.9928571428571429,0.7545558608058608,0.2383012820512821
refl4,yoloworld,10,paired_complete_cases,coverage_aware_operational,0.0,0.1,1,0.0,0.3625,-0.3625
refl4,yoloworld,10,paired_complete_cases,coverage_aware_operational,0.1,0.2,15,0.10000000000000003,0.2358333333333333,-0.13583333333333328
refl4,yoloworld,10,paired_complete_cases,coverage_aware_operational,0.2,0.3,41,0.19999999999999998,0.30853658536585366,-0.10853658536585367
refl4,yoloworld,10,paired_complete_cases,coverage_aware_operational,0.3,0.4,45,0.3000000000000001,0.34111111111111114,-0.04111111111111104
refl4,yoloworld,10,paired_complete_cases,coverage_aware_operational,0.4,0.5,71,0.39999999999999986,0.43609154929577465,-0.036091549295774794
refl4,yoloworld,10,paired_complete_cases,coverage_aware_operational,0.5,0.6,74,0.5,0.491722972972973,0.008277027027026984
refl4,yoloworld,10,paired_complete_cases,coverage_aware_operational,0.6,0.7,95,0.6,0.5955263157894737,0.004473684210526296
refl4,yoloworld,10,paired_complete_cases,coverage_aware_operational,0.7,0.8,73,0.7000000000000001,0.6986301369863013,0.001369863013698791
refl4,yoloworld,10,paired_complete_cases,coverage_aware_operational,0.8,0.9,83,0.7999999999999999,0.7930722891566265,0.0069277108433734025
refl4,yoloworld,10,paired_complete_cases,coverage_aware_operational,0.9,1.0,281,0.9669039145907475,0.9365213523131674,0.030382562277580183
refl4,yoloworld,20,paired_complete_cases,complete_case_persistence,0.1,0.2,2,0.15833333333333333,0.16249999999999998,-0.004166666666666652
refl4,yoloworld,20,paired_complete_cases,complete_case_persistence,0.2,0.3,11,0.25823784059078175,0.30568181818181817,-0.04744397759103641
refl4,yoloworld,20,paired_complete_cases,complete_case_persistence,0.3,0.4,17,0.35227287130401314,0.3088235294117647,0.043449341892248416
refl4,yoloworld,20,paired_complete_cases,complete_case_persistence,0.4,0.5,10,0.4347601010101011,0.4125,0.02226010101010112
refl4,yoloworld,20,paired_complete_cases,complete_case_persistence,0.5,0.6,35,0.5431987771185031,0.4389285714285714,0.10427020568993167
refl4,yoloworld,20,paired_complete_cases,complete_case_persistence,0.6,0.7,40,0.6488561656566688,0.51875,0.13010616565666877
refl4,yoloworld,20,paired_complete_cases,complete_case_persistence,0.7,0.8,51,0.7481211976203782,0.5502450980392157,0.19787609958116248
refl4,yoloworld,20,paired_complete_cases,complete_case_persistence,0.8,0.9,81,0.8442945390872807,0.6290123456790123,0.21528219340826837
refl4,yoloworld,20,paired_complete_cases,complete_case_persistence,0.9,1.0,533,0.9885333022780091,0.7655253283302064,0.2230079739478027
refl4,yoloworld,20,paired_complete_cases,coverage_aware_operational,0.1,0.2,17,0.13235294117647062,0.22058823529411764,-0.08823529411764702
refl4,yoloworld,20,paired_complete_cases,coverage_aware_operational,0.2,0.3,44,0.2318181818181818,0.29346590909090914,-0.061647727272727326
refl4,yoloworld,20,paired_complete_cases,coverage_aware_operational,0.3,0.4,51,0.3274509803921569,0.35808823529411754,-0.03063725490196062
refl4,yoloworld,20,paired_complete_cases,coverage_aware_operational,0.4,0.5,69,0.42608695652173906,0.422463768115942,0.003623188405797062
refl4,yoloworld,20,paired_complete_cases,coverage_aware_operational,0.5,0.6,90,0.525,0.5105555555555555,0.014444444444444482
refl4,yoloworld,20,paired_complete_cases,coverage_aware_operational,0.6,0.7,85,0.6235294117647058,0.6283823529411766,-0.0048529411764708374
refl4,yoloworld,20,paired_complete_cases,coverage_aware_operational,0.7,0.8,75,0.7280000000000001,0.7203333333333333,0.0076666666666668215
refl4,yoloworld,20,paired_complete_cases,coverage_aware_operational,0.8,0.9,89,0.8258426966292133,0.8108146067415731,0.01502808988764015
refl4,yoloworld,20,paired_complete_cases,coverage_aware_operational,0.9,1.0,260,0.9694230769230769,0.9484134615384615,0.021009615384615432
refl4,yoloworld,40,paired_complete_cases,complete_case_persistence,0.1,0.2,2,0.16025641025641024,0.1375,0.02275641025641023
refl4,yoloworld,40,paired_complete_cases,complete_case_persistence,0.2,0.3,5,0.24786935286935288,0.215,0.032869352869352886
refl4,yoloworld,40,paired_complete_cases,complete_case_persistence,0.3,0.4,21,0.3487711362473561,0.31369047619047613,0.035080660056879986
refl4,yoloworld,40,paired_complete_cases,complete_case_persistence,0.4,0.5,14,0.44694298376159275,0.42142857142857143,0.02551441233302132
refl4,yoloworld,40,paired_complete_cases,complete_case_persistence,0.5,0.6,31,0.5455530175793187,0.4399193548387097,0.10563366274060904
refl4,yoloworld,40,paired_complete_cases,complete_case_persistence,0.6,0.7,41,0.6438978789691144,0.48628048780487804,0.1576173911642364
refl4,yoloworld,40,paired_complete_cases,complete_case_persistence,0.7,0.8,57,0.7491086599673665,0.5427631578947368,0.2063455020726297
refl4,yoloworld,40,paired_complete_cases,complete_case_persistence,0.8,0.9,73,0.8454777258606504,0.6554794520547944,0.189998273805856
refl4,yoloworld,40,paired_complete_cases,complete_case_persistence,0.9,1.0,537,0.9860866673094015,0.763733705772812,0.22235296153658957
refl4,yoloworld,40,paired_complete_cases,coverage_aware_operational,0.0,0.1,3,0.05000000000000001,0.10416666666666667,-0.05416666666666666
refl4,yoloworld,40,paired_complete_cases,coverage_aware_operational,0.1,0.2,13,0.15192307692307694,0.1769230769230769,-0.024999999999999967
refl4,yoloworld,40,paired_complete_cases,coverage_aware_operational,0.2,0.3,33,0.24469696969696972,0.2761363636363637,-0.03143939393939396
refl4,yoloworld,40,paired_complete_cases,coverage_aware_operational,0.3,0.4,81,0.33456790123456787,0.35709876543209873,-0.022530864197530864
refl4,yoloworld,40,paired_complete_cases,coverage_aware_operational,0.4,0.5,65,0.4346153846153846,0.435,-0.00038461538461537215
refl4,yoloworld,40,paired_complete_cases,coverage_aware_operational,0.5,0.6,89,0.5418539325842697,0.5396067415730337,0.0022471910112360494
refl4,yoloworld,40,paired_complete_cases,coverage_aware_operational,0.6,0.7,82,0.635670731707317,0.6332317073170731,0.0024390243902439046
refl4,yoloworld,40,paired_complete_cases,coverage_aware_operational,0.7,0.8,73,0.7410958904109589,0.7244863013698629,0.016609589041095996
refl4,yoloworld,40,paired_complete_cases,coverage_aware_operational,0.8,0.9,96,0.8354166666666667,0.8244791666666668,0.010937499999999933
refl4,yoloworld,40,paired_complete_cases,coverage_aware_operational,0.9,1.0,246,0.9692073170731708,0.9569613821138212,0.012245934959349558
