model,tracked_candidate_count,match_iou_threshold,birth_duplicate_iou_threshold,sample_count,eligible_count,clean_eligibility,reference_probe_count,full_manifest_operational,eligible_only_operational,winner_missing_share,competitor_missing_share,threatening_birth_share,ranking_reversal_share
groundingdino,2,0.1,0.5,1000,1000,1.0,80000,0.8812750000000001,0.8812750000000001,0.0004211412929037692,0.002842703727100442,0.3970309538850284,0.5997052010949674
groundingdino,2,0.1,0.7,1000,1000,1.0,80000,0.8792125,0.8792125,0.0004139501190106592,0.0027941633033219497,0.4217116837421091,0.5750802028355583
groundingdino,2,0.1,0.85,1000,1000,1.0,80000,0.8792125,0.8792125,0.0004139501190106592,0.0027941633033219497,0.4217116837421091,0.5750802028355583
groundingdino,2,0.15,0.5,1000,1000,1.0,80000,0.8811,0.8811,0.00042052144659377626,0.004625735912531539,0.3961312026913373,0.5988225399495374
groundingdino,2,0.15,0.7,1000,1000,1.0,80000,0.8790374999999999,0.8790374999999999,0.0004133512452206262,0.004546863697426889,0.4207915676345975,0.574248217422755
groundingdino,2,0.15,0.85,1000,1000,1.0,80000,0.8790374999999999,0.8790374999999999,0.0004133512452206262,0.004546863697426889,0.4207915676345975,0.574248217422755
groundingdino,2,0.25,0.5,1000,1000,1.0,80000,0.881075,0.881075,0.0010510826150935463,0.004834980029430313,0.39541727979819213,0.598696657557284
groundingdino,2,0.25,0.7,1000,1000,1.0,80000,0.8790125000000001,0.8790125000000001,0.0010331645831180907,0.0047525570823432174,0.42008471949581566,0.574129558838723
groundingdino,2,0.25,0.85,1000,1000,1.0,80000,0.8790125000000001,0.8790125000000001,0.0010331645831180907,0.0047525570823432174,0.42008471949581566,0.574129558838723
groundingdino,3,0.1,0.5,1000,1000,1.0,80000,0.8789625000000001,0.8789625000000001,0.00041309511515026334,0.015077971702984612,0.2028297015387793,0.7816792316430858
groundingdino,3,0.1,0.7,1000,1000,1.0,80000,0.8780125,0.8780125,0.00040987806127677014,0.014960549236602111,0.21887488472179525,0.7657546879803259
groundingdino,3,0.1,0.85,1000,1000,1.0,80000,0.8780125,0.8780125,0.00040987806127677014,0.014960549236602111,0.21887488472179525,0.7657546879803259
groundingdino,3,0.15,0.5,1000,1000,1.0,80000,0.8786625,0.8786625,0.00041207376120325537,0.020809724940764395,0.20047388482538375,0.7783043164726486
groundingdino,3,0.15,0.7,1000,1000,1.0,80000,0.877725,0.877725,0.0004089143324473523,0.02065017378859129,0.21641791044776118,0.7625230014312001
groundingdino,3,0.15,0.85,1000,1000,1.0,80000,0.877725,0.877725,0.0004089143324473523,0.02065017378859129,0.21641791044776118,0.7625230014312001
groundingdino,3,0.25,0.5,1000,1000,1.0,80000,0.8782375000000001,0.8782375000000001,0.001026588645929576,0.025048762960681654,0.19885022071655886,0.7750744276768299
groundingdino,3,0.25,0.7,1000,1000,1.0,80000,0.8773,0.8773,0.0010187449062754685,0.024857375713121434,0.21475142624286878,0.7593724531377343
groundingdino,3,0.25,0.85,1000,1000,1.0,80000,0.8773,0.8773,0.0010187449062754685,0.024857375713121434,0.21475142624286878,0.7593724531377343
groundingdino,5,0.1,0.5,1000,1000,1.0,80000,0.8723875000000001,0.8723875000000001,0.0003918111470271329,0.07718679596434519,0.06464883925947693,0.8577725536291507
groundingdino,5,0.1,0.7,1000,1000,1.0,80000,0.8715625,0.8715625,0.00038929440389294404,0.07669099756690997,0.08389294403892944,0.8390267639902677
groundingdino,5,0.1,0.85,1000,1000,1.0,80000,0.8715625,0.8715625,0.00038929440389294404,0.07669099756690997,0.08389294403892944,0.8390267639902677
groundingdino,5,0.15,0.5,1000,1000,1.0,80000,0.8711125,0.8711125,0.0005819028222286878,0.09135874308990398,0.0622636019784696,0.8457957521093977
groundingdino,5,0.15,0.7,1000,1000,1.0,80000,0.8703125,0.8703125,0.0005783132530120482,0.09079518072289157,0.0811566265060241,0.8274698795180723
groundingdino,5,0.15,0.85,1000,1000,1.0,80000,0.8703125,0.8703125,0.0005783132530120482,0.09079518072289157,0.0811566265060241,0.8274698795180723
groundingdino,5,0.25,0.5,1000,1000,1.0,80000,0.8683500000000001,0.8683500000000001,0.001044436004557539,0.11526775541207748,0.059532852259779716,0.8241549563235853
groundingdino,5,0.25,0.7,1000,1000,1.0,80000,0.8675625,0.8675625,0.0010382255781028788,0.11458235016517225,0.0779613025011798,0.8064181217555451
groundingdino,5,0.25,0.85,1000,1000,1.0,80000,0.8675625,0.8675625,0.0010382255781028788,0.11458235016517225,0.0779613025011798,0.8064181217555451
yoloworld,2,0.1,0.5,1000,781,0.781,62480,0.6364749999999999,0.8149487836107553,0.08259816640719599,0.1883757135443695,0.2674277806607853,0.4615983393876492
yoloworld,2,0.1,0.7,1000,781,0.781,62480,0.6316750000000001,0.8088028169014084,0.07994307718064624,0.18232044198895028,0.31776326803951116,0.41997321279089234
yoloworld,2,0.1,0.85,1000,781,0.781,62480,0.6316750000000001,0.8088028169014084,0.07994307718064624,0.18232044198895028,0.31776326803951116,0.41997321279089234
yoloworld,2,0.15,0.5,1000,781,0.781,62480,0.634975,0.8130281690140846,0.0844889573703133,0.19765451121383326,0.26391028933401817,0.4539462420818353
yoloworld,2,0.15,0.7,1000,781,0.781,62480,0.6301749999999999,0.8068822023047375,0.08180009945300845,0.19136416376595392,0.3134427316426322,0.41339300513840543
yoloworld,2,0.15,0.85,1000,781,0.781,62480,0.6301749999999999,0.8068822023047375,0.08180009945300845,0.19136416376595392,0.3134427316426322,0.41339300513840543
yoloworld,2,0.25,0.5,1000,781,0.781,62480,0.6337624999999999,0.8114756722151089,0.08498174717717973,0.20545037779098396,0.26020884625180407,0.44935902878003225
yoloworld,2,0.25,0.7,1000,781,0.781,62480,0.6289750000000001,0.8053457106274008,0.08230554185166913,0.19898043085018913,0.30940634764019076,0.409307679657951
yoloworld,2,0.25,0.85,1000,781,0.781,62480,0.6289750000000001,0.8053457106274008,0.08230554185166913,0.19898043085018913,0.30940634764019076,0.409307679657951
yoloworld,3,0.1,0.5,1000,781,0.781,62480,0.6025,0.7714468629961587,0.07219887955182072,0.363375350140056,0.11260504201680673,0.45182072829131653
yoloworld,3,0.1,0.7,1000,781,0.781,62480,0.5997625000000001,0.7679417413572344,0.07110835230015863,0.3578867508104007,0.15138975101731153,0.4196151458721291
yoloworld,3,0.1,0.85,1000,781,0.781,62480,0.5997625000000001,0.7679417413572344,0.07110835230015863,0.3578867508104007,0.15138975101731153,0.4196151458721291
yoloworld,3,0.15,0.5,1000,781,0.781,62480,0.6007875,0.7692541613316262,0.07296941111188181,0.370673510439065,0.11063328015537213,0.4457237982936811
yoloworld,3,0.15,0.7,1000,781,0.781,62480,0.59805,0.7657490396927016,0.07187756217545778,0.36512708390270565,0.14908444930308828,0.4139109046187483
yoloworld,3,0.15,0.85,1000,781,0.781,62480,0.59805,0.7657490396927016,0.07187756217545778,0.36512708390270565,0.14908444930308828,0.4139109046187483
yoloworld,3,0.25,0.5,1000,781,0.781,62480,0.5986125,0.7664692701664532,0.07340141182920978,0.3827702008087177,0.10622986772668083,0.4375985196353917
yoloworld,3,0.25,0.7,1000,781,0.781,62480,0.595875,0.7629641485275289,0.07231600270087779,0.3771100607697502,0.14415935178933154,0.4064145847400405
yoloworld,3,0.25,0.85,1000,781,0.781,62480,0.595875,0.7629641485275289,0.07231600270087779,0.3771100607697502,0.14415935178933154,0.4064145847400405
yoloworld,5,0.1,0.5,1000,781,0.781,62480,0.5398875000000001,0.6912772087067862,0.05749390844522785,0.58789983928664,0.037741718077660844,0.3168645341904712
yoloworld,5,0.1,0.7,1000,781,0.781,62480,0.5383375000000001,0.6892925736235597,0.05712666769690414,0.5841446453407511,0.06037191572657498,0.29835677123576987
yoloworld,5,0.1,0.85,1000,781,0.781,62480,0.5383375000000001,0.6892925736235597,0.05712666769690414,0.5841446453407511,0.06037191572657498,0.29835677123576987
yoloworld,5,0.15,0.5,1000,781,0.781,62480,0.537875,0.6887003841229193,0.0577892030848329,0.594241645244216,0.03660668380462725,0.31136246786632393
yoloworld,5,0.15,0.7,1000,781,0.781,62480,0.536325,0.6867157490396928,0.057423112291815674,0.5904771635843465,0.058853581281291506,0.29324614284254624
yoloworld,5,0.15,0.85,1000,781,0.781,62480,0.536325,0.6867157490396928,0.057423112291815674,0.5904771635843465,0.058853581281291506,0.29324614284254624
yoloworld,5,0.25,0.5,1000,781,0.781,62480,0.5319749999999999,0.681145966709347,0.057474149181809056,0.6125890974801727,0.03363116152996687,0.2963055918080514
yoloworld,5,0.25,0.7,1000,781,0.781,62480,0.5305,0.6792573623559539,0.05713572854291417,0.6089820359281437,0.05469061876247505,0.2791916167664671
yoloworld,5,0.25,0.85,1000,781,0.781,62480,0.5305,0.6792573623559539,0.05713572854291417,0.6089820359281437,0.05469061876247505,0.2791916167664671
